gvkey,datadate,fyearq,fqtr,fyr,indfmt,consol,popsrc,datafmt,tic,cusip,conm,acctchgq,acctstdq,adrrq,ajexq,ajpq,bsprq,compstq,curcdq,curncdq,currtrq,curuscnq,datacqtr,datafqtr,finalq,ogmq,rp,scfq,srcq,staltq,updq,apdedateq,fdateq,pdateq,rdq,acchgq,acomincq,acoq,actq,altoq,ancq,anoq,aociderglq,aociotherq,aocipenq,aocisecglq,aol2q,aoq,apq,aqaq,aqdq,aqepsq,aqpl1q,aqpq,arcedq,arceepsq,arceq,atq,aul3q,billexceq,capr1q,capr2q,capr3q,capsftq,capsq,ceiexbillq,ceqq,cheq,chq,cibegniq,cicurrq,ciderglq,cimiiq,ciotherq,cipenq,ciq,cisecglq,citotalq,cogsq,csh12q,cshfd12,cshfdq,cshiq,cshopq,cshoq,cshprq,cstkcvq,cstkeq,cstkq,dcomq,dd1q,deracq,deraltq,derhedglq,derlcq,derlltq,diladq,dilavq,dlcq,dlttq,doq,dpacreq,dpactq,dpq,dpretq,drcq,drltq,dteaq,dtedq,dteepsq,dtepq,dvintfq,dvpq,epsf12,epsfi12,epsfiq,epsfxq,epspi12,epspiq,epspxq,epsx12,esopctq,esopnrq,esoprq,esoptq,esubq,fcaq,ffoq,finacoq,finaoq,finchq,findlcq,findltq,finivstq,finlcoq,finltoq,finnpq,finreccq,finrecltq,finrevq,finxintq,finxoprq,gdwlamq,gdwlia12,gdwliaq,gdwlid12,gdwlidq,gdwlieps12,gdwliepsq,gdwlipq,gdwlq,glaq,glcea12,glceaq,glced12,glcedq,glceeps12,glceepsq,glcepq,gldq,glepsq,glivq,glpq,hedgeglq,ibadj12,ibadjq,ibcomq,ibmiiq,ibq,icaptq,intaccq,intanoq,intanq,invfgq,invoq,invrmq,invtq,invwipq,ivaeqq,ivaoq,ivltq,ivstq,lcoq,lctq,lltq,lnoq,lol2q,loq,loxdrq,lqpl1q,lseq,ltmibq,ltq,lul3q,mibnq,mibq,mibtq,miiq,msaq,ncoq,niitq,nimq,niq,nopiq,npatq,npq,nrtxtdq,nrtxtepsq,nrtxtq,obkq,oepf12,oeps12,oepsxq,oiadpq,oibdpq,opepsq,optdrq,optfvgrq,optlifeq,optrfrq,optvolq,piq,pllq,pnc12,pncd12,pncdq,pnceps12,pncepsq,pnciapq,pnciaq,pncidpq,pncidq,pnciepspq,pnciepsq,pncippq,pncipq,pncpd12,pncpdq,pncpeps12,pncpepsq,pncpq,pncq,pncwiapq,pncwiaq,pncwidpq,pncwidq,pncwiepq,pncwiepsq,pncwippq,pncwipq,pnrshoq,ppegtq,ppentq,prcaq,prcd12,prcdq,prce12,prceps12,prcepsq,prcpd12,prcpdq,prcpeps12,prcpepsq,prcpq,prcraq,prshoq,pstknq,pstkq,pstkrq,rcaq,rcdq,rcepsq,rcpq,rdipaq,rdipdq,rdipepsq,rdipq,recdq,rectaq,rectoq,rectq,rectrq,recubq,req,retq,reunaq,revtq,rllq,rra12,rraq,rrd12,rrdq,rreps12,rrepsq,rrpq,rstcheltq,rstcheq,saleq,seqoq,seqq,seta12,setaq,setd12,setdq,seteps12,setepsq,setpq,spce12,spced12,spcedpq,spcedq,spceeps12,spceepsp12,spceepspq,spceepsq,spcep12,spcepd12,spcepq,spceq,spidq,spiepsq,spioaq,spiopq,spiq,sretq,stkcoq,stkcpaq,teqq,tfvaq,tfvceq,tfvlq,tieq,tiiq,tstknq,tstkq,txdbaq,txdbcaq,txdbclq,txdbq,txdiq,txditcq,txpq,txtq,txwq,uacoq,uaoq,uaptq,ucapsq,ucconsq,uceqq,uddq,udmbq,udoltq,udpcoq,udvpq,ugiq,uinvq,ulcoq,uniamiq,unopincq,uopiq,updvpq,upmcstkq,upmpfq,upmpfsq,upmsubpq,upstkcq,upstkq,urectq,uspiq,usubdvpq,usubpcvq,utemq,wcapq,wdaq,wddq,wdepsq,wdpq,xaccq,xidoq,xintq,xiq,xoprq,xopt12,xoptd12,xoptd12p,xoptdq,xoptdqp,xopteps12,xoptepsp12,xoptepsq,xoptepsqp,xoptq,xoptqp,xrdq,xsgaq,acchgy,afudccy,afudciy,amcy,aolochy,apalchy,aqay,aqcy,aqdy,aqepsy,aqpy,arcedy,arceepsy,arcey,capxy,cdvcy,chechy,cibegniy,cicurry,cidergly,cimiiy,ciothery,cipeny,cisecgly,citotaly,ciy,cogsy,cshfdy,cshpry,cstkey,depcy,derhedgly,dilady,dilavy,dlcchy,dltisy,dltry,doy,dpcy,dprety,dpy,dteay,dtedy,dteepsy,dtepy,dvpy,dvy,epsfiy,epsfxy,epspiy,epspxy,esubcy,esuby,exrey,fcay,ffoy,fiaoy,fincfy,finrevy,finxinty,finxopry,fopoxy,fopoy,fopty,fsrcoy,fsrcty,fuseoy,fusety,gdwlamy,gdwliay,gdwlidy,gdwliepsy,gdwlipy,glay,glceay,glcedy,glceepsy,glcepy,gldy,glepsy,glivy,glpy,hedgegly,ibadjy,ibcomy,ibcy,ibmiiy,iby,intpny,invchy,itccy,ivacoy,ivchy,ivncfy,ivstchy,miiy,ncoy,niity,nimy,niy,nopiy,nrtxtdy,nrtxtepsy,nrtxty,oancfy,oepsxy,oiadpy,oibdpy,opepsy,optdry,optfvgry,optlifey,optrfry,optvoly,pdvcy,piy,plly,pncdy,pncepsy,pnciapy,pnciay,pncidpy,pncidy,pnciepspy,pnciepsy,pncippy,pncipy,pncpdy,pncpepsy,pncpy,pncwiapy,pncwiay,pncwidpy,pncwidy,pncwiepsy,pncwiepy,pncwippy,pncwipy,pncy,prcay,prcdy,prcepsy,prcpdy,prcpepsy,prcpy,prstkccy,prstkcy,prstkpcy,rcay,rcdy,rcepsy,rcpy,rdipay,rdipdy,rdipepsy,rdipy,recchy,revty,rray,rrdy,rrepsy,rrpy,saley,scstkcy,setay,setdy,setepsy,setpy,sivy,spcedpy,spcedy,spceepspy,spceepsy,spcepy,spcey,spidy,spiepsy,spioay,spiopy,spiy,sppey,sppivy,spstkcy,srety,sstky,stkcoy,stkcpay,tdcy,tfvcey,tiey,tiiy,tsafcy,txachy,txbcofy,txbcoy,txdcy,txdiy,txpdy,txty,txwy,uaolochy,udfccy,udvpy,ufretsdy,ugiy,uniamiy,unopincy,unwccy,uoisy,updvpy,uptacy,uspiy,ustdncy,usubdvpy,utfdocy,utfoscy,utmey,uwkcapcy,wcapchy,wcapcy,wday,wddy,wdepsy,wdpy,xidocy,xidoy,xinty,xiy,xopry,xoptdqpy,xoptdy,xoptepsqpy,xoptepsy,xoptqpy,xopty,xrdy,xsgay,costat,cshtrq,dvpspq,dvpsxq,mkvaltq,prccq,prchq,prclq,adjex
7906,20100228,2009,3,5,INDL,C,D,STD,NKE,654106103,NIKE INC  -CL B,,DS,,4.0,4.0,,,USD,USD,1.0,,2010Q1,2009Q3,Y,,Q,7.0,5,,3,20100228.0,20100407.0,20100317.0,20100317.0,0.0,234.4,1065.0,10088.0,867.0,3488.3,0.0,221.0,13.4,,0.0,2313.5,1525.7,994.7,,,,1359.9,,,,,13576.3,0.0,,,,,,3272.6,,9428.9,4038.9,2225.2,496.4,,214.7,0.0,-136.3,0.0,574.8,0.0,574.8,2433.6,485.55,492.325,492.3,483.7,5.134,483.7,484.4,,0.0,2.8,0.0,,,,,,,0.0,496.4,116.3,451.9,0.0,,2474.6,84.7,,0.0,0.0,,,,,,0.0,3.51,3.51,1.01,1.01,3.55,1.02,1.02,3.55,0.0,0.0,0.0,0.0,,,,,,,,,,,,,,,,,,,0.0,,0.0,,0.0,,,190.7,,0.0,,0.0,,0.0,,,,,,,0.0,1726.193,496.4,496.4,496.4,496.4,9881.1,,468.0,658.7,,,,2150.3,,,,,1813.7,1647.7,2846.7,1300.7,0.0,46.3,848.5,848.5,0.0,13576.3,4147.1,4147.1,0.0,0.0,0.0,0.0,0.0,,,,,496.4,8.6,,,,,,7100.0,3.8,3.85,1.01,654.2,738.9,1.02,1.9,23.42,5.0,2.5,57.8,661.9,,0.0,0.0,0.0,0.0,0.0,,,,,,,,,0.0,0.0,0.0,0.0,0.0,0.0,,,,,,,,,0.0,4437.2,1962.6,0.0,0.0,0.0,0.0,0.0,0.0,0.0,0.0,0.0,0.0,0.0,64.09,0.3,0.0,0.3,0.3,,,,,0.0,0.0,0.0,0.0,,,0.0,2833.8,2833.8,,6153.5,,5919.1,4733.0,,,,,,,,,,,4733.0,0.0,9429.2,,,,,,,,1726.193,3.51,1.01,1.01,3.55,3.55,1.02,1.02,1726.193,3.51,496.4,496.4,,,,,0.0,,23.0,,9429.2,3673.4,0.0,46.3,,,0.0,0.0,,,,,,,88.0,165.5,0.0,,,,,,,,,,,,,,,,,,,,,,,,,,,,,,7241.3,,,,,,0.0,0.9,0.0,3994.1,0.0,0.0,0.0,0.0,0.0,0.0,0.0,0.0,0.0,0.0,0.0,,1560.5,0.0,,,,-273.5,,,0.0,,,,,,,240.1,,-65.9,1384.8,,-81.9,0.0,-51.2,0.0,0.0,1251.7,1251.7,7302.4,493.3,485.8,0.0,,,0.0,1384.8,-237.4,0.0,30.5,0.0,240.5,,250.4,,,,,0.0,374.7,2.81,2.81,2.85,2.85,0.0,,-81.6,,,0.0,-909.3,,,,159.3,159.3,,,,,,,,,,,,,,,,,,,,5.2,1384.8,1384.8,1384.8,1384.8,1384.8,,214.9,,-55.6,0.0,-964.0,-678.1,0.0,,,,1384.8,32.2,,,,1889.0,2.81,1805.7,2056.1,2.85,1.9,23.42,5.0,2.5,57.8,,1834.1,,0.0,0.0,,,,,,,,,0.0,0.0,0.0,,,,,,,,,0.0,0.0,0.0,0.0,0.0,0.0,0.0,,526.0,,,,,,0.0,0.0,0.0,0.0,89.0,13937.1,,,,,13937.1,,,,,,0.0,2.81,2.81,2.85,2.85,1384.8,1384.8,,,,,0.0,9.8,0.0,,,222.8,137.5,,,0.0,,,,,36.5,0.0,74.0,,,449.3,0.0,,,,,,,,,,,,,,,,,,,,,,,,,0.0,0.0,3.8,0.0,11881.0,0.0,0.0,0.0,0.0,0.0,0.0,,4578.6,A,148574191.0,0.27,0.27,32698.12,67.6,67.85,60.89,4.0
7906,20100531,2009,4,5,INDL,C,D,STD,NKE,654106103,NIKE INC  -CL B,,DS,,4.0,4.0,,,USD,USD,1.0,,2010Q2,2009Q4,Y,,Q,7.0,5,,3,20100531.0,20100723.0,20100623.0,20100623.0,0.0,214.8,1122.7,10959.2,873.6,3460.1,0.0,309.4,-94.6,,0.0,2564.0,1528.2,1254.5,,,,2315.7,,,,,14419.3,0.0,,,,,,3440.6,,9753.7,5145.9,3079.1,521.9,,88.4,0.0,-108.0,0.0,502.3,0.0,502.3,2587.5,485.5,493.9,493.9,484.0,2.884,484.0,484.4,,0.0,2.8,0.0,,,,,,,0.0,521.87,146.0,445.8,0.0,,2457.9,86.8,,0.0,0.0,,,,,,0.03,3.86,3.86,1.06,1.06,3.93,1.08,1.08,3.93,0.0,0.0,0.0,0.0,,34.0,,,,,,,,,,,,,,,,,,,,,,,,187.6,,,,,,,,,,,,,0.0,1906.67,521.87,521.87,521.9,521.9,10199.8,,467.0,654.6,,,,2040.8,,,,,2066.8,1904.4,3364.2,1301.4,0.0,165.1,855.3,855.3,0.0,14419.3,4665.3,4665.3,0.0,0.0,0.0,0.0,0.0,,,,,521.9,17.0,,,,,,8800.0,3.86,3.93,1.06,668.3,755.1,1.08,1.9,23.43,5.0,2.5,57.6,682.8,,0.0,0.0,0.0,0.0,0.0,,,,,,,,,0.0,0.0,0.0,0.0,0.0,0.0,,,,,,,,,0.0,4389.8,1931.9,0.0,0.0,0.0,0.0,0.0,0.0,0.0,0.0,0.0,0.0,0.0,75.0,0.3,0.0,0.3,0.3,,,,,0.0,0.0,0.0,0.0,73.6,,0.0,2649.8,2649.8,,6310.3,,6095.5,5076.9,,,,,,,,,,,5076.9,0.0,9754.0,,,,,,,,1906.67,3.87,1.06,1.06,3.93,3.93,1.08,1.08,1906.67,3.87,521.87,521.87,,,,,0.0,,21.5,,9754.0,4879.7,0.0,165.1,,,0.0,0.0,,,,,11.5,,59.3,160.9,0.0,,,,,,,,,,,,,,,,,,,,,,,,,,,,,,7595.0,,,,,,0.0,2.5,0.0,4321.8,0.0,0.0,0.0,0.0,0.0,0.0,0.0,0.0,0.0,0.0,0.0,,1734.3,0.0,,,,228.4,,,0.0,,,,,,,335.1,,788.0,1906.7,,6.5,0.0,-159.2,0.0,0.0,1754.0,1754.0,9889.9,493.9,485.5,0.0,,,0.0,1906.67,-205.4,0.0,32.2,0.0,,,337.2,,,,,0.03,505.4,3.86,3.86,3.93,3.93,0.0,,-47.5,34.0,,0.0,-1061.2,,,,554.5,554.5,,,,,,,,,,,,,,,,,,,,5.2,1906.67,1906.67,1906.7,1906.7,1906.7,48.4,284.6,,-5.7,0.0,-1267.5,-936.8,0.0,,,,1906.7,49.2,,,,3164.2,3.86,2474.0,2811.2,3.93,1.9,23.43,5.0,2.5,57.6,,2516.9,,0.0,0.0,,,,,,,,,0.0,0.0,0.0,,,,,,,,,0.0,0.0,0.0,0.0,0.0,0.0,0.0,,741.2,,,,,,0.0,0.0,0.0,0.0,181.7,19014.0,,,,,19014.0,,,,,,0.0,3.86,3.86,3.93,3.93,1906.67,1906.67,,,,,0.0,10.1,0.0,,,364.5,159.0,,,0.0,,,,,58.5,0.0,8.3,11.5,537.2,610.2,0.0,,,,,,,,,,,,,,,,,,,,,,,,,0.0,0.0,6.3,0.0,16202.8,0.0,0.0,0.0,0.0,0.0,0.0,,6312.9,A,203406394.0,0.27,0.27,35031.92,72.38,78.55,66.99,4.0
7906,20100831,2010,1,5,INDL,C,D,STD,NKE,654106103,NIKE INC  -CL B,,DS,,4.0,4.0,,,USD,USD,1.0,,2010Q3,2010Q1,Y,,Q,7.0,5,,3,20100831.0,20101006.0,20100923.0,20100923.0,0.0,138.0,842.0,10531.0,883.0,3520.0,0.0,179.4,-41.4,,0.0,2553.0,1545.0,1101.0,,,,1499.0,,,,,14051.0,0.0,,,,,,3508.0,,9660.0,4688.0,2010.0,559.0,,-130.0,0.0,53.0,0.0,482.0,0.0,482.0,2663.0,483.9,492.325,488.6,477.872,7.293,477.872,479.6,,0.0,3.0,0.0,,,,,,,0.0,559.0,241.0,342.0,0.0,,2560.0,81.0,,0.0,0.0,,,,,,0.0,3.97,3.97,1.14,1.14,4.04,1.17,1.17,4.04,0.0,0.0,0.0,0.0,,,,,,,,,,,,,,,,,,,,,,,,,,192.0,,,,,,,,,,,,,,1952.67,559.0,559.0,559.0,559.0,10002.0,,470.0,662.0,,,,2210.0,,,,,2678.0,1696.0,3142.0,1249.0,0.0,117.0,907.0,907.0,0.0,14051.0,4391.0,4391.0,0.0,0.0,0.0,0.0,0.0,,,,,559.0,1.0,,,,,,7100.0,3.97,4.04,1.14,761.0,842.0,1.17,1.6,17.67,5.0,1.7,31.6,755.0,,0.0,0.0,0.0,0.0,0.0,,,,,,,,,0.0,0.0,0.0,0.0,0.0,0.0,,,,,,,,,0.0,4535.0,1975.0,0.0,0.0,0.0,0.0,0.0,0.0,0.0,0.0,0.0,0.0,0.0,70.91,0.3,0.0,0.0,0.0,,,,,0.0,0.0,0.0,0.0,,,0.0,2791.0,2791.0,,6149.0,,6011.0,5175.0,,,,,,,,,,,5175.0,0.0,9660.0,,,,,,,,1952.67,3.97,1.14,1.14,4.04,4.04,1.17,1.17,1952.67,3.97,559.0,559.0,,,,,0.0,,21.0,,9660.0,4052.0,0.0,117.0,,,0.0,0.0,,,,,,,104.0,196.0,0.0,,,,,,,,,,,,,,,,,,,,,,,,,,,,,,7389.0,,,,,,0.0,7.0,0.0,4333.0,0.0,0.0,0.0,0.0,0.0,0.0,0.0,0.0,0.0,0.0,0.0,,1670.0,0.0,,,,-230.0,,,0.0,,,,,,,89.0,,-1069.0,559.0,,-130.0,0.0,53.0,0.0,0.0,482.0,482.0,2663.0,488.6,479.6,0.0,,,0.0,559.0,-32.0,0.0,2.0,0.0,,,81.0,,,,,0.0,131.0,1.14,1.14,1.17,1.17,0.0,,3.0,,,0.0,-600.0,,,,83.0,83.0,,,,,,,,,,,,,,,,,,,,,559.0,559.0,559.0,559.0,559.0,,-118.0,,19.0,0.0,-684.0,-614.0,0.0,,,,559.0,1.0,,,,212.0,1.14,761.0,842.0,1.17,1.6,17.67,5.0,1.7,31.6,,755.0,,0.0,0.0,,,,,,,,,0.0,0.0,0.0,,,,,,,,,0.0,0.0,0.0,0.0,0.0,0.0,0.0,,488.0,,,,,,0.0,0.0,0.0,0.0,-82.0,5175.0,,,,,5175.0,,,,,,0.0,1.14,1.14,1.17,1.17,559.0,559.0,,,,,0.0,0.0,0.0,,,47.0,21.0,,,0.0,,,,,6.0,0.0,0.0,,,196.0,0.0,,,,,,,,,,,,,,,,,,,,,,,,,0.0,0.0,7.0,0.0,4333.0,0.0,0.0,0.0,0.0,0.0,0.0,,1670.0,A,198550315.0,0.27,0.27,33451.04,70.0,75.92,66.34,4.0
7906,20101130,2010,2,5,INDL,C,D,STD,NKE,654106103,NIKE INC  -CL B,,DS,,4.0,4.0,,,USD,USD,1.0,,2010Q4,2010Q2,Y,,Q,7.0,5,,3,20101130.0,20110106.0,20101221.0,20101221.0,0.0,151.0,987.0,10916.0,884.0,3548.0,0.0,141.6,9.4,,0.0,2583.0,1545.0,1225.0,,,,1659.0,,,,,14464.0,0.0,,,,,,3752.0,,9949.0,4789.0,1768.0,457.0,,-38.0,0.0,51.0,0.0,470.0,0.0,470.0,2566.0,481.6,490.75,487.6,478.495,3.533,478.495,477.9,,0.0,3.0,0.0,,,,,,,0.0,457.0,260.0,338.0,0.0,,2638.0,87.0,,0.0,0.0,,,,,,0.0,4.15,4.15,0.94,0.94,4.22,0.96,0.96,4.22,0.0,0.0,0.0,0.0,,,,,,,,,,,,,,,,,,,,,,,,,,192.0,,,,,,,,,,,,,,2034.27,457.0,457.0,457.0,457.0,10287.0,,469.0,661.0,,,,2348.0,,,,,3021.0,1685.0,3248.0,1267.0,0.0,113.0,929.0,929.0,0.0,14464.0,4515.0,4515.0,0.0,0.0,0.0,0.0,0.0,,,,,457.0,36.0,,,,,,7700.0,4.15,4.22,0.94,582.0,669.0,0.96,1.6,17.66,5.0,1.7,31.5,609.0,,0.0,0.0,0.0,0.0,0.0,,,,,,,,,0.0,0.0,0.0,0.0,0.0,0.0,,,,,,,,,0.0,4641.0,2003.0,0.0,0.0,0.0,0.0,0.0,0.0,0.0,0.0,0.0,0.0,0.0,79.156,0.3,0.0,0.0,0.0,,,,,0.0,0.0,0.0,0.0,,,0.0,2792.0,2792.0,,6194.0,,6043.0,4842.0,,,,,,,,,,,4842.0,0.0,9949.0,,,,,,,,2034.27,4.15,0.94,0.94,4.23,4.23,0.96,0.96,2034.27,4.15,457.0,457.0,,,,,0.0,,29.0,,9949.0,4242.0,0.0,113.0,,,0.0,0.0,,,,,,,78.0,152.0,0.0,,,,,,,,,,,,,,,,,,,,,,,,,,,,,,7668.0,,,,,,0.0,9.0,0.0,4173.0,0.0,0.0,0.0,0.0,0.0,0.0,0.0,0.0,0.0,0.0,0.0,,1607.0,0.0,,,,-303.0,,,0.0,,,,,,,191.0,,-1311.0,1016.0,,-168.0,0.0,104.0,0.0,0.0,952.0,952.0,5229.0,488.4,478.8,0.0,,,0.0,1016.0,-15.0,0.0,4.0,0.0,161.0,,168.0,,,,,0.0,260.0,2.08,2.08,2.12,2.12,0.0,,9.0,,,0.0,-796.0,,,,64.0,64.0,,,,,,,,,,,,,,,,,,,,,1016.0,1016.0,1016.0,1016.0,1016.0,,-252.0,,-16.0,0.0,-1171.0,-964.0,0.0,,,,1016.0,37.0,,,,647.0,2.08,1343.0,1511.0,2.12,1.6,17.66,5.0,1.7,31.5,,1364.0,,0.0,0.0,,,,,,,,,0.0,0.0,0.0,,,,,,,,,0.0,0.0,0.0,0.0,0.0,0.0,0.0,,785.0,,,,,,0.0,0.0,0.0,0.0,-36.0,10017.0,,,,,10017.0,,,,,,0.0,2.08,2.08,2.12,2.12,1016.0,1016.0,,,,,0.0,0.0,0.0,,,228.0,50.0,,,0.0,,,,,40.0,0.0,-3.0,,,348.0,0.0,,,,,,,,,,,,,,,,,,,,,,,,,0.0,0.0,16.0,0.0,8506.0,0.0,0.0,0.0,0.0,0.0,0.0,,3277.0,A,173516926.0,0.27,0.27,41212.7744,86.13,86.97,70.82,4.0
7906,20110228,2010,3,5,INDL,C,D,STD,NKE,654106103,NIKE INC  -CL B,,DS,,4.0,4.0,,,USD,USD,1.0,,2011Q1,2010Q3,Y,,Q,7.0,5,,3,20110228.0,20110406.0,20110317.0,20110317.0,0.0,106.0,799.0,10785.0,970.0,3693.0,0.0,20.4,85.6,,0.0,1824.0,1636.0,1147.0,,,,1946.0,,,,,14478.0,0.0,,,,,,3839.0,,9902.0,4465.0,2132.0,523.0,,-121.0,0.0,76.0,0.0,478.0,0.0,478.0,2664.0,479.3,489.25,485.5,474.13,5.475,474.13,475.3,,0.0,3.0,0.0,,,,,,,0.0,523.0,337.0,276.0,0.0,,2747.0,92.0,,0.0,0.0,,,,,,0.0,4.22,4.22,1.08,1.08,4.3,1.1,1.1,4.3,0.0,0.0,0.0,0.0,,,,,,,,,,,,,,,,,,,,,,,,,,194.0,,,,,,,,,,,,,,2060.87,523.0,523.0,523.0,523.0,10178.0,,472.0,666.0,,,,2536.0,,,,,2333.0,1745.0,3342.0,1234.0,0.0,164.0,958.0,958.0,0.0,14478.0,4576.0,4576.0,0.0,0.0,0.0,0.0,0.0,,,,,523.0,24.0,,,,,,7900.0,4.22,4.3,1.08,690.0,782.0,1.1,1.6,17.67,5.0,1.7,31.5,707.0,,0.0,0.0,0.0,0.0,0.0,,,,,,,,,0.0,0.0,0.0,0.0,0.0,0.0,,,,,,,,,0.0,4804.0,2057.0,0.0,0.0,0.0,0.0,0.0,0.0,0.0,0.0,0.0,0.0,0.0,85.45,0.3,0.0,0.0,0.0,,,,,0.0,0.0,0.0,0.0,,,0.0,2985.0,2985.0,,6060.0,,5954.0,5079.0,,,,,,,,,,,5079.0,0.0,9902.0,,,,,,,,2060.87,4.22,1.08,1.08,4.31,4.31,1.1,1.1,2060.87,4.22,523.0,523.0,,,,,0.0,,28.0,,9902.0,3770.0,0.0,164.0,,,0.0,0.0,,,,,,,113.0,184.0,0.0,,,,,,,,,,,,,,,,,,,,,,,,,,,,,,7443.0,,,,,,0.0,7.0,0.0,4297.0,0.0,0.0,0.0,0.0,0.0,0.0,0.0,0.0,0.0,0.0,0.0,,1633.0,0.0,,,,-268.0,,,0.0,,,,,,,303.0,,-947.0,1539.0,,-289.0,0.0,180.0,0.0,0.0,1430.0,1430.0,7893.0,487.7,477.6,0.0,,,0.0,1539.0,-5.0,0.0,6.0,0.0,249.0,,260.0,,,,,0.0,408.0,3.16,3.16,3.22,3.22,0.0,,23.0,,,0.0,-1338.0,,,,89.0,89.0,,,,,,,,,,,,,,,,,,,,,1539.0,1539.0,1539.0,1539.0,1539.0,,-399.0,,-18.0,0.0,-602.0,-282.0,0.0,,,,1539.0,61.0,,,,970.0,3.16,2033.0,2293.0,3.22,1.6,17.67,5.0,1.7,31.5,,2071.0,,0.0,0.0,,,,,,,,,0.0,0.0,0.0,,,,,,,,,0.0,0.0,0.0,0.0,0.0,0.0,0.0,,1252.0,,,,,,0.0,0.0,0.0,0.0,-170.0,15096.0,,,,,15096.0,,,,,,0.0,3.16,3.16,3.22,3.22,1539.0,1539.0,,,,,0.0,1.0,0.0,,,279.0,78.0,,,0.0,,,,,54.0,0.0,-70.0,,,532.0,0.0,,,,,,,,,,,,,,,,,,,,,,,,,0.0,0.0,23.0,0.0,12803.0,0.0,0.0,0.0,0.0,0.0,0.0,,4910.0,A,142376386.0,0.31,0.31,42211.7939,89.03,92.49,81.01,4.0
7906,20110531,2010,4,5,INDL,C,D,STD,NKE,654106103,NIKE INC  -CL B,,DS,,4.0,4.0,,,USD,USD,1.0,,2011Q2,2010Q4,Y,,Q,7.0,5,,3,20110531.0,20110726.0,20110627.0,20110627.0,0.0,95.0,906.0,11297.0,894.0,3701.0,0.0,-73.0,168.0,,0.0,2100.0,1586.0,1469.0,,,,1598.0,,,,,14998.0,0.0,,,,,,3944.0,,9843.0,4538.0,1955.0,594.0,,-94.0,0.0,83.0,0.0,583.0,0.0,583.0,3126.0,475.5,485.7,478.7,468.0,7.461,468.0,469.3,,0.0,3.0,0.0,,,,,,,0.0,593.97,387.0,276.0,0.0,,2791.0,91.0,,0.0,0.0,,,,,,0.03,4.39,4.39,1.24,1.24,4.48,1.27,1.27,4.48,0.0,0.0,0.0,0.0,,-33.0,,,,,,,,,,,,,,,,,,,,,,,,205.0,,,,,,,,,,,,,,2132.97,593.97,593.97,594.0,594.0,10119.0,,487.0,692.0,,,,2715.0,,,,,2583.0,1985.0,3958.0,1197.0,0.0,197.0,921.0,921.0,0.0,14998.0,5155.0,5155.0,0.0,0.0,0.0,0.0,0.0,,,,,594.0,2.0,,,,,,10300.0,4.39,4.48,1.24,782.0,873.0,1.27,1.6,17.68,5.0,1.7,31.5,773.0,,0.0,0.0,0.0,0.0,0.0,,,,,,,,,0.0,0.0,0.0,0.0,0.0,0.0,,,,,,,,,0.0,4906.0,2115.0,0.0,0.0,0.0,0.0,0.0,0.0,0.0,0.0,0.0,0.0,0.0,81.29,0.3,0.0,0.0,0.0,,,,,0.0,0.0,0.0,0.0,74.0,,0.0,3138.0,3138.0,,5896.0,,5801.0,5766.0,,,,,,,,,,,5766.0,0.0,9843.0,,,,,,,,2132.97,4.4,1.24,1.24,4.5,4.5,1.27,1.27,2132.97,4.4,593.97,593.97,,,,,0.0,,27.0,,9843.0,3698.0,0.0,197.0,,,0.0,0.0,,,,,-76.0,,117.0,179.0,0.0,,,,,,,,,,,,,,,,,,,,,,,,,,,,,,7339.0,,,,,,0.0,11.0,0.0,4893.0,0.0,0.0,0.0,0.0,0.0,0.0,0.0,0.0,0.0,0.0,0.0,,1767.0,0.0,,,,116.0,,,0.0,,,,,,,432.0,,-1124.0,2133.0,,-383.0,0.0,263.0,0.0,0.0,2013.0,2013.0,11019.0,485.7,475.5,0.0,,,0.0,2132.97,41.0,0.0,8.0,0.0,335.0,,351.0,,,,,0.03,555.0,4.39,4.39,4.48,4.48,0.0,,57.0,-33.0,,0.0,-1972.0,,,,128.0,128.0,,,,,,,,,,,,,,,,,,,,,2132.97,2132.97,2133.0,2133.0,2133.0,32.0,-551.0,,-53.0,0.0,-1021.0,-537.0,0.0,,,,2133.0,63.0,,,,1812.0,4.39,2815.0,3166.0,4.48,1.6,17.68,5.0,1.7,31.5,,2844.0,,0.0,0.0,,,,,,,,,0.0,0.0,0.0,,,,,,,,,0.0,0.0,0.0,0.0,0.0,0.0,0.0,,1859.0,,,,,,0.0,0.0,0.0,0.0,-273.0,20862.0,,,,,20862.0,,,,,,0.0,4.39,4.39,4.49,4.49,2132.97,2132.97,,,,,0.0,1.0,0.0,,,345.0,105.0,,,0.0,,,,,64.0,0.0,-76.0,-76.0,736.0,711.0,0.0,,,,,,,,,,,,,,,,,,,,,,,,,0.0,0.0,34.0,0.0,17696.0,0.0,0.0,0.0,0.0,0.0,0.0,,6677.0,A,210837413.0,0.31,0.31,39522.6,84.45,91.12,69.43,4.0
7906,20110831,2011,1,5,INDL,C,D,STD,NKE,654106103,NIKE INC  -CL B,,DS,,4.0,4.0,,AZ,USD,USD,1.0,,2011Q3,2011Q1,Y,,Q,7.0,5,,3,20110831.0,20111006.0,20110922.0,20110922.0,0.0,105.0,953.0,11039.0,858.0,3764.0,0.0,-76.0,181.0,,0.0,1768.0,1598.0,1421.0,,,,1366.0,,,,,14803.0,0.0,,,,,,4138.0,,9899.0,3700.0,1608.0,645.0,,-3.0,0.0,13.0,0.0,655.0,0.0,655.0,3189.0,471.875,481.525,474.3,463.669,7.684,463.669,465.0,,0.0,3.0,0.0,116.0,,,,,,0.0,661.0,280.0,238.0,-16.0,,2868.0,89.0,,0.0,0.0,,,,,,0.0,4.65,4.62,1.36,1.39,4.72,1.39,1.42,4.75,0.0,0.0,0.0,0.0,,,,,,,,,,,,,,,,,,,,,,,,,,204.0,,,,,,,,,,,,,,2234.97,661.0,661.0,661.0,661.0,10137.0,,536.0,740.0,,,,3107.0,,,,,2092.0,1968.0,3760.0,1144.0,0.0,186.0,906.0,906.0,0.0,14803.0,4904.0,4904.0,0.0,0.0,0.0,0.0,0.0,,,,,645.0,-9.0,,164.0,,,,8500.0,4.65,4.75,1.39,888.0,977.0,1.42,1.4,22.11,5.0,1.5,29.4,871.0,,0.0,0.0,0.0,0.0,0.0,,,,,,,,,0.0,0.0,0.0,0.0,0.0,0.0,,,,,,,,,0.0,5034.0,2166.0,0.0,0.0,0.0,0.0,0.0,0.0,0.0,0.0,0.0,0.0,0.0,84.49,0.3,0.0,0.0,0.0,,,,,0.0,0.0,0.0,0.0,,,0.0,3279.0,3279.0,,5758.0,,5653.0,5893.0,,,,,,,,,,,5893.0,0.0,9899.0,,,,,,,,2234.97,4.65,1.39,1.39,4.75,4.75,1.42,1.42,2234.97,4.65,661.0,661.0,,,,,0.0,,25.0,,9899.0,3134.0,0.0,186.0,,,0.0,0.0,,315.0,,,,,91.0,210.0,0.0,,,,,,,,,,,,,,,,,,,,,,,,,,,,,,7279.0,,,,,1644.0,-16.0,8.0,0.0,4916.0,0.0,0.0,0.0,0.0,0.0,0.0,0.0,0.0,0.0,0.0,0.0,,1727.0,0.0,,,,-159.0,,,0.0,,,,,,,114.0,,-347.0,645.0,,-3.0,0.0,13.0,0.0,0.0,655.0,655.0,3189.0,474.3,465.0,0.0,,,0.0,661.0,-18.0,0.0,132.0,-16.0,,,89.0,,,,,0.0,145.0,1.36,1.39,1.39,1.42,0.0,,-7.0,,,0.0,-744.0,,,,136.0,136.0,,,,,,,,,,,,,,,,,,,,,661.0,661.0,645.0,661.0,661.0,,-398.0,,-54.0,0.0,317.0,484.0,0.0,,,,645.0,-9.0,,,,87.0,1.39,888.0,977.0,1.42,1.4,22.11,5.0,1.5,29.4,,871.0,,0.0,0.0,,,,,,,,,0.0,0.0,0.0,,,,,,,,,0.0,0.0,0.0,0.0,0.0,0.0,0.0,,626.0,,,,,,0.0,0.0,0.0,0.0,-141.0,5893.0,,,,,5893.0,,,,,,0.0,1.39,1.39,1.42,1.42,661.0,661.0,,,,,0.0,1.0,0.0,,,147.0,25.0,,,0.0,,,,,30.0,0.0,4.0,,,210.0,0.0,,,,,,,,,,,,,,,,,,,,,,,,,0.0,-16.0,8.0,0.0,4916.0,0.0,0.0,0.0,0.0,0.0,0.0,,1727.0,A,230731874.0,0.31,0.31,40176.9189,86.65,94.23,76.98,4.0
7906,20111130,2011,2,5,INDL,C,D,STD,NKE,654106103,NIKE INC  -CL B,,DS,,4.0,4.0,,AZ,USD,USD,1.0,,2011Q4,2011Q2,Y,,Q,7.0,5,,3,20111130.0,20120105.0,20111221.0,20111220.0,0.0,215.0,1093.0,10725.0,930.0,3840.0,0.0,180.0,35.0,,0.0,1872.0,1663.0,1411.0,,,,882.0,,,,,14565.0,0.0,,,,,,4335.0,,9843.0,3365.0,1929.0,469.0,,256.0,0.0,-146.0,0.0,579.0,0.0,579.0,3078.0,467.2,476.8,468.5,458.913,7.56,458.913,459.2,,0.0,3.0,0.0,114.0,,,,,,0.0,480.0,237.0,234.0,-11.0,,2887.0,96.0,,0.0,0.0,,,,,,0.0,4.74,4.68,1.0,1.02,4.78,1.02,1.05,4.84,0.0,0.0,0.0,0.0,,,,,,,,,,,,,,,,,,,,,,,,,,201.0,,,,,,,,,,,,,,2257.97,480.0,480.0,480.0,480.0,10077.0,,532.0,733.0,,,,3164.0,,,,,1436.0,1834.0,3563.0,1159.0,0.0,47.0,925.0,925.0,0.0,14565.0,4722.0,4722.0,0.0,0.0,0.0,0.0,0.0,,,,,469.0,-3.0,,123.0,,,,8900.0,4.74,4.84,1.02,645.0,741.0,1.05,1.4,22.13,5.0,1.5,29.5,632.0,,0.0,0.0,0.0,0.0,0.0,,,,,,,,,0.0,0.0,0.0,0.0,0.0,0.0,,,,,,,,,0.0,5064.0,2177.0,0.0,0.0,0.0,0.0,0.0,0.0,0.0,0.0,0.0,0.0,0.0,88.87,0.3,0.0,0.0,0.0,,,,,0.0,0.0,0.0,0.0,,,0.0,3103.0,3103.0,,5505.0,,5290.0,5546.0,,,,,,,,,,,5546.0,0.0,9843.0,,,,,,,,2257.97,4.73,1.02,1.02,4.84,4.84,1.05,1.05,2257.97,4.73,480.0,480.0,,,,,0.0,,36.0,,9843.0,2754.0,0.0,47.0,,,0.0,0.0,,298.0,,,,,81.0,152.0,0.0,,,,,,,,,,,,,,,,,,,,,,,,,,,,,,7162.0,,,,,1624.0,-11.0,10.0,0.0,4805.0,0.0,0.0,0.0,0.0,0.0,0.0,0.0,0.0,0.0,0.0,0.0,,1727.0,0.0,,,,-129.0,,,0.0,,,,,,,259.0,,-26.0,1114.0,,253.0,0.0,-133.0,0.0,0.0,1234.0,1234.0,6267.0,471.5,462.1,0.0,,,0.0,1141.0,-49.0,0.0,134.0,-27.0,,,185.0,,,,,0.0,289.0,2.36,2.42,2.41,2.47,0.0,,-1.0,,,0.0,-1454.0,,,,259.0,259.0,,,,,,,,,,,,,,,,,,,,,1141.0,1141.0,1114.0,1141.0,1141.0,,-555.0,,-45.0,0.0,832.0,1135.0,0.0,,,,1114.0,-12.0,,,,597.0,2.42,1533.0,1718.0,2.47,1.4,22.13,5.0,1.5,29.5,,1503.0,,0.0,0.0,,,,,,,,,0.0,0.0,0.0,,,,,,,,,0.0,0.0,0.0,0.0,0.0,0.0,0.0,,1325.0,,,,,,0.0,0.0,0.0,0.0,-91.0,11439.0,,,,,11439.0,,,,,,0.0,2.42,2.42,2.47,2.47,1141.0,1141.0,,,,,0.0,1.0,0.0,,,284.0,61.0,,,0.0,,,,,59.0,0.0,-1.0,,,362.0,0.0,,,,,,,,,,,,,,,,,,,,,,,,,0.0,-27.0,18.0,0.0,9721.0,0.0,0.0,0.0,0.0,0.0,0.0,,3454.0,A,188657380.0,0.31,0.31,44138.2523,96.18,97.68,80.2,4.0
7906,20120229,2011,3,5,INDL,C,D,STD,NKE,654106103,NIKE INC  -CL B,,DS,,4.0,4.0,,AZ,USD,USD,1.0,,2012Q1,2011Q3,Y,,Q,7.0,5,,3,20120229.0,20120406.0,20120322.0,20120322.0,0.0,243.0,1083.0,10932.0,921.0,3862.0,0.0,167.0,76.0,,,1674.0,1657.0,1298.0,,,,784.0,,,,,14794.0,3.0,,,,,,4483.0,,10176.0,3197.0,2021.0,560.0,,-13.0,0.0,41.0,0.0,588.0,0.0,588.0,3077.0,462.775,472.325,467.3,458.368,2.457,458.368,457.5,,0.0,3.0,0.0,49.0,,,,,,0.0,569.0,140.0,229.0,-9.0,,2967.0,98.0,,0.0,0.0,,,,,,0.0,4.88,4.8,1.2,1.22,4.9,1.22,1.24,4.99,0.0,0.0,0.0,0.0,,,,,,,,,,,,,,,,,,,,,,,,,,202.0,,,,,,,,,,,,,,2303.97,569.0,569.0,569.0,569.0,10405.0,,534.0,736.0,,,,3356.0,,,,,1176.0,1913.0,3410.0,1208.0,0.0,75.0,979.0,979.0,0.0,14794.0,4618.0,4618.0,0.0,0.0,0.0,0.0,0.0,,,,,560.0,17.0,,91.0,,,,9400.0,4.88,4.99,1.22,777.0,875.0,1.24,1.4,22.14,5.0,1.4,29.5,787.0,,0.0,0.0,0.0,0.0,0.0,,,,,,,,,0.0,0.0,0.0,0.0,0.0,0.0,,,,,,,,,0.0,5172.0,2205.0,0.0,0.0,0.0,0.0,0.0,0.0,0.0,0.0,0.0,0.0,0.0,97.32,0.3,0.0,0.0,0.0,,,,,0.0,0.0,0.0,0.0,,,0.0,3296.0,3296.0,,5690.0,,5447.0,5656.0,,,,,,,,,,,5656.0,0.0,10176.0,,,,,,,,2303.97,4.87,1.22,1.22,4.98,4.98,1.24,1.24,2303.97,4.87,569.0,569.0,,,,,0.0,,34.0,,10176.0,2461.0,0.0,75.0,,,0.0,0.0,,311.0,,,,,59.0,218.0,0.0,,,,,,,,,,,,,,,,,,,,,,,,,,,,,,7522.0,,,,,1674.0,-9.0,7.0,0.0,4781.0,0.0,0.0,0.0,0.0,0.0,0.0,0.0,0.0,0.0,0.0,0.0,,1704.0,0.0,,,,-233.0,,,0.0,,,,,,,379.0,,66.0,1674.0,,240.0,0.0,-92.0,0.0,0.0,1822.0,1822.0,9344.0,470.2,460.6,0.0,,,0.0,1710.0,-87.0,0.0,201.0,-36.0,,,283.0,,,,,0.0,454.0,3.56,3.64,3.63,3.72,0.0,,13.0,,,0.0,-1870.0,,,,415.0,415.0,,,,,,,,,,,,,,,,,,,,,1710.0,1710.0,1674.0,1710.0,1710.0,,-691.0,,-16.0,0.0,998.0,1392.0,0.0,,,,1674.0,5.0,,,,925.0,3.64,2310.0,2593.0,3.72,1.4,22.14,5.0,1.4,29.5,,2290.0,,0.0,0.0,,,,,,,,,0.0,0.0,0.0,,,,,,,,,0.0,0.0,0.0,0.0,0.0,0.0,0.0,,1585.0,,,,,,0.0,0.0,0.0,0.0,-233.0,17095.0,,,,,17095.0,,,,,,0.0,3.64,3.64,3.71,3.71,1710.0,1710.0,,,,,0.0,1.0,0.0,,,372.0,95.0,,,0.0,,,,,85.0,0.0,-7.0,,,580.0,0.0,,,,,,,,,,,,,,,,,,,,,,,,,0.0,-36.0,25.0,0.0,14502.0,0.0,0.0,0.0,0.0,0.0,0.0,,5158.0,A,140524433.0,0.36,0.36,49467.0746,107.92,108.28,92.89,4.0
7906,20120531,2011,4,5,INDL,C,D,STD,NKE,654106103,NIKE INC  -CL B,,DS,,4.0,4.0,,AZ,USD,USD,1.0,,2012Q2,2011Q4,Y,,Q,7.0,5,,3,20120531.0,20120725.0,20120628.0,20120628.0,0.0,149.0,1144.0,11531.0,919.0,3934.0,0.0,276.0,-127.0,,0.0,1977.0,1655.0,1588.0,,,,1153.0,,,,,15465.0,3.0,,,,,,4641.0,,10381.0,3757.0,2317.0,549.0,,109.0,0.0,-203.0,0.0,455.0,0.0,455.0,3466.0,460.0,469.8,468.1,458.0,2.251,458.0,458.1,,0.0,3.0,0.0,49.0,,,,,,0.0,558.97,157.0,228.0,-10.0,,2965.0,104.0,,0.0,0.0,,,,,,0.03,4.84,4.74,1.18,1.2,4.84,1.2,1.22,4.94,0.0,0.0,0.0,0.0,,,,,,,,,,,,,,,,,,,,,,,,,,201.0,,,,,,,,,,,,,,2268.97,558.97,558.97,559.0,559.0,10609.0,,535.0,736.0,,,,3350.0,,,,,1440.0,2053.0,3865.0,1219.0,0.0,55.0,991.0,991.0,0.0,15465.0,5084.0,5084.0,0.0,0.0,0.0,0.0,0.0,,,,,549.0,-8.0,,108.0,,,,11200.0,4.86,4.97,1.23,773.0,877.0,1.25,1.4,22.15,5.0,1.4,29.5,735.0,,0.0,0.0,0.0,0.0,0.0,,,,,,,,,0.0,0.0,0.0,0.0,0.0,0.0,,,,,,,,,0.0,5244.0,2279.0,0.0,0.0,0.0,0.0,0.0,0.0,0.0,0.0,0.0,0.0,0.0,108.84,0.3,0.0,0.0,0.0,-15.6,-0.03,-0.03,-24.0,0.0,0.0,0.0,0.0,50.0,,0.0,3280.0,3280.0,,5737.0,,5588.0,6236.0,,,,,,,,,,,6236.0,0.0,10381.0,,,,,,,,2268.97,4.82,1.19,1.19,4.93,4.93,1.22,1.22,2268.97,4.82,558.97,558.97,,,,,-24.0,,35.0,,10381.0,3133.0,0.0,55.0,,,0.0,0.0,,274.0,,,-72.0,,67.0,176.0,0.0,,,,,,,,,,,,,,,,,,,,,,,,,,,,,,7666.0,,,,,1833.0,-10.0,6.0,0.0,5359.0,0.0,0.0,0.0,0.0,0.0,0.0,0.0,0.0,0.0,0.0,0.0,,1893.0,0.0,,,,329.0,,,0.0,,,,,,,597.0,,362.0,2223.0,,349.0,0.0,-295.0,0.0,0.0,2277.0,2277.0,12810.0,469.8,460.0,0.0,,,0.0,2268.97,-65.0,0.0,203.0,-46.0,373.0,,387.0,,,,,0.03,619.0,4.74,4.84,4.84,4.94,0.0,,67.0,,,0.0,-2118.0,,,,162.0,162.0,,,,,,,,,,,,,,,,,,,,,2268.97,2268.97,2223.0,2269.0,2269.0,29.0,-805.0,,-15.0,0.0,514.0,1124.0,0.0,,,,2223.0,-3.0,,,,1899.0,4.86,3083.0,3470.0,4.97,1.4,22.15,5.0,1.4,29.5,,3025.0,,0.0,0.0,,,,,,,,,0.0,0.0,0.0,,,,,,,,,0.0,0.0,0.0,0.0,0.0,0.0,0.0,,1814.0,,-15.6,-0.03,-0.03,-24.0,0.0,0.0,0.0,0.0,-323.0,23331.0,,,,,23331.0,,,,,,0.0,4.83,4.83,4.93,4.93,2268.97,2268.97,,,,,-24.0,2.0,0.0,,,468.0,130.0,,,0.0,,,,,115.0,0.0,-60.0,-72.0,638.0,756.0,0.0,,,,,,,,,,,,,,,,,,,,,,,,,0.0,-46.0,31.0,0.0,19861.0,0.0,0.0,0.0,0.0,0.0,0.0,,7051.0,A,154601527.0,0.36,0.72,49546.44,108.18,114.81,104.27,4.0
7906,20120831,2012,1,5,INDL,C,D,STD,NKE,654106103,NIKE INC  -CL B,,DS,,4.0,4.0,,AZ,USD,USD,1.0,,2012Q3,2012Q1,Y,,Q,7.0,5,,3,20120831.0,20121010.0,20120927.0,20120927.0,0.0,111.0,1027.0,11136.0,949.0,3978.0,0.0,214.0,-103.0,,0.0,1220.0,1687.0,1551.0,,,,1152.0,,,,,15114.0,3.0,,,,,,4718.0,,10047.0,3267.0,2165.0,567.0,25.0,-62.0,0.0,-1.0,0.0,529.0,0.0,529.0,3542.0,456.9,466.325,461.4,450.552,8.177,450.552,452.8,,0.0,3.0,0.0,9.0,,,,,,0.0,585.0,138.0,226.0,-18.0,,3068.0,108.0,,0.0,0.0,,,,,,0.0,4.71,4.61,1.23,1.27,4.69,1.25,1.29,4.8,0.0,0.0,0.0,0.0,,,,,,,,,,,,,,,,,,,,,,,,,,202.0,,,,,,,,,,,,,,2192.97,585.0,585.0,585.0,585.0,10273.0,,536.0,738.0,,,,3411.0,,,,,1102.0,1974.0,3776.0,1291.0,0.0,58.0,1065.0,1065.0,0.0,15114.0,5067.0,5067.0,0.0,0.0,0.0,0.0,0.0,,,,,567.0,36.0,,129.0,,,,8900.0,4.74,4.83,1.27,769.0,877.0,1.29,1.5,25.45,5.3,0.6,35.0,800.0,,0.0,0.0,0.0,0.0,0.0,,,,,,,,,0.0,0.0,0.0,0.0,0.0,0.0,,,,,,,,,0.0,5359.0,2291.0,0.0,0.0,0.0,0.0,0.0,0.0,0.0,0.0,0.0,0.0,0.0,95.23,0.3,0.0,0.0,0.0,,,,,0.0,0.0,0.0,0.0,,,0.0,3431.0,3431.0,,5326.0,,5215.0,6474.0,,,,,,,,,,,6474.0,0.0,10047.0,,,,,,,,2192.97,4.7,1.27,1.27,4.8,4.8,1.29,1.29,2192.97,4.7,585.0,585.0,,,,,0.0,,37.0,,10047.0,2375.0,0.0,58.0,,,0.0,0.0,,282.0,,,,,113.0,215.0,0.0,,,,,,,,,,,,,,,,,,,,,,,,,,,,,,7360.0,,,,,1754.0,-18.0,5.0,0.0,5597.0,0.0,0.0,0.0,0.0,0.0,0.0,0.0,0.0,0.0,0.0,0.0,,2055.0,0.0,,,,-49.0,,,0.0,,,,,,,107.0,,-152.0,567.0,25.0,-62.0,0.0,-1.0,0.0,0.0,529.0,529.0,3542.0,461.4,452.8,0.0,,,0.0,585.0,19.0,0.0,42.0,-18.0,,,108.0,,,,,0.0,165.0,1.23,1.27,1.25,1.29,0.0,,-1.0,,,0.0,-907.0,,,,174.0,174.0,,,,,,,,,,,,,,,,,,,,,585.0,585.0,567.0,585.0,585.0,,-17.0,,-5.0,0.0,221.0,333.0,0.0,,,,567.0,36.0,,,,535.0,1.27,769.0,877.0,1.29,1.5,25.45,5.3,0.6,35.0,,800.0,,0.0,0.0,,,,,,,,,0.0,0.0,0.0,,,,,,,,,0.0,0.0,0.0,0.0,0.0,0.0,0.0,,766.0,,,,,,0.0,0.0,0.0,0.0,-123.0,6474.0,,,,,6474.0,,,,,,0.0,1.27,1.27,1.29,1.29,585.0,585.0,,,,,0.0,0.0,0.0,,,39.0,37.0,,,0.0,,,,,8.0,0.0,-17.0,,,215.0,0.0,,,,,,,,,,,,,,,,,,,,,,,,,0.0,-18.0,5.0,0.0,5597.0,0.0,0.0,0.0,0.0,0.0,0.0,,2055.0,A,206752994.0,0.36,0.36,43865.7427,97.36,109.91,85.1,4.0
7906,20121130,2012,2,5,INDL,C,D,STD,NKE,654106103,NIKE INC  -CL B,,DS,,4.0,4.0,,,USD,USD,1.0,,2012Q4,2012Q2,Y,,Q,7.0,5,,3,20121130.0,20130110.0,20121220.0,20121220.0,0.0,138.0,1404.0,11435.0,973.0,3736.0,0.0,153.0,-15.0,,0.0,1360.0,1478.0,1519.0,,,,1217.0,,,,,15171.0,5.0,,,,,,4844.0,,10014.0,3525.0,2291.0,384.0,87.0,-61.0,0.0,1.0,0.0,411.0,0.0,411.0,3318.0,454.25,463.425,456.55,447.856,4.02,447.856,448.5,,0.0,3.0,0.0,58.0,,,,,,0.0,521.0,158.0,170.0,-137.0,,3052.0,110.0,,0.0,0.0,,,,,,0.0,4.83,4.45,0.84,1.14,4.53,0.86,1.16,4.91,0.0,0.0,0.0,0.0,,,,,,,,,,,,,,,,,,,,,,,,,,131.0,,,,,,,,,,,,,,2233.97,521.0,521.0,521.0,521.0,10184.0,,374.0,505.0,,,,3318.0,,,,,1234.0,2077.0,3799.0,1358.0,0.0,83.0,1188.0,1188.0,0.0,15171.0,5157.0,5157.0,0.0,0.0,0.0,0.0,0.0,,,,,384.0,23.0,,100.0,,,,9300.0,4.86,4.94,1.14,694.0,804.0,1.16,1.5,25.42,5.3,0.6,35.0,712.0,,0.0,0.0,0.0,0.0,0.0,,,,,,,,,0.0,0.0,0.0,0.0,0.0,0.0,,,,,,,,,0.0,5310.0,2258.0,0.0,0.0,0.0,0.0,0.0,0.0,0.0,0.0,0.0,0.0,0.0,95.42,0.3,0.0,0.0,0.0,,,,,0.0,0.0,0.0,0.0,,,0.0,3188.0,3188.0,,5167.0,,5029.0,5955.0,,,,,,,,,,,5955.0,0.0,10014.0,,,,,,,,2233.97,4.82,1.14,1.14,4.91,4.91,1.16,1.16,2233.97,4.82,521.0,521.0,,,,,0.0,,46.0,,10014.0,2582.0,0.0,83.0,,,0.0,0.0,,327.0,,,,,45.0,191.0,0.0,,,,,,,,,,,,,,,,,,,,,,,,,,,,,,7636.0,,,,,1608.0,-137.0,5.0,0.0,5151.0,0.0,0.0,0.0,0.0,0.0,0.0,0.0,0.0,0.0,0.0,0.0,,1833.0,0.0,,,,-94.0,,,0.0,,,,,,,250.0,,-26.0,951.0,112.0,-123.0,0.0,0.0,0.0,0.0,940.0,940.0,6860.0,459.15,450.7,0.0,,,0.0,1106.0,-10.0,0.0,45.0,-155.0,,,218.0,,,,,0.0,327.0,2.07,2.41,2.11,2.45,0.0,,0.0,,,0.0,-1431.0,,,,349.0,349.0,,,,,,,,,,,,,,,,,,,,,1106.0,1106.0,1106.0,1106.0,1106.0,,-41.0,,213.0,0.0,160.0,197.0,0.0,,,,951.0,59.0,,,,1245.0,2.41,1463.0,1681.0,2.45,1.5,25.42,5.3,0.6,35.0,,1512.0,,0.0,0.0,,,,,,,,,0.0,0.0,0.0,,,,,,,,,0.0,0.0,0.0,0.0,0.0,0.0,0.0,,1179.0,,,,,,0.0,0.0,0.0,0.0,22.0,12429.0,,,,,12429.0,,,,,,0.0,2.41,2.41,2.45,2.45,1106.0,1106.0,,,,,0.0,,0.0,,,116.0,83.0,,,0.0,,,,,14.0,0.0,-49.0,,,406.0,0.0,,,,,,,,,,,,,,,,,,,,,,,,,-48.0,-155.0,10.0,0.0,10748.0,0.0,0.0,0.0,0.0,0.0,0.0,,3888.0,A,159529811.0,0.36,0.0,43657.0029,97.48,100.92,89.65,4.0
7906,20130228,2012,3,5,INDL,C,D,STD,NKE,654106103,NIKE INC  -CL B,,DS,,2.0,2.0,,,USD,USD,1.0,,2013Q1,2012Q3,Y,,Q,7.0,5,,3,20130228.0,20130405.0,20130321.0,20130321.0,0.0,231.0,1186.0,11789.0,1059.0,3826.0,0.0,235.0,-4.0,,0.0,1883.0,1566.0,1241.0,,,,1497.0,,,,,15615.0,5.0,,,,,,4977.0,,10667.0,4042.0,2557.0,866.0,9.0,82.0,0.0,2.0,0.0,959.0,0.0,959.0,3340.0,903.225,921.425,911.7,893.615,4.86,893.615,893.9,,0.0,3.0,0.0,57.0,,,,,,0.0,662.0,160.0,161.0,204.0,,3110.0,114.0,,0.0,0.0,,,,,,0.0,2.53,2.57,0.95,0.73,2.62,0.97,0.74,2.58,0.0,0.0,0.0,0.0,,,,,,,,,,,,,,,,,,,,,,,,,,131.0,,,,,,,,,,,,,,2326.97,662.0,662.0,662.0,662.0,10828.0,,376.0,507.0,,,,3329.0,,,,,1485.0,1961.0,3500.0,1448.0,0.0,62.0,1287.0,1287.0,0.0,15615.0,4948.0,4948.0,0.0,0.0,0.0,0.0,0.0,,,,,866.0,-11.0,,103.0,,,,9900.0,2.545,2.595,0.73,873.0,987.0,0.74,1.5,12.71,5.3,0.6,35.0,858.0,,0.0,0.0,0.0,0.0,0.0,,,,,,,,,0.0,0.0,0.0,0.0,0.0,0.0,,,,,,,,,0.0,5370.0,2260.0,0.0,0.0,0.0,0.0,0.0,0.0,0.0,0.0,0.0,0.0,0.0,52.13,0.3,0.0,0.0,0.0,,,,,0.0,0.0,0.0,0.0,,,0.0,3232.0,3232.0,,5687.0,,5456.0,6187.0,,,,,,,,,,,6187.0,0.0,10667.0,,,,,,,,2326.97,2.53,0.73,0.73,2.58,2.58,0.74,0.74,2326.97,2.53,662.0,662.0,,,,,0.0,,45.0,,10667.0,3385.0,0.0,62.0,,,0.0,0.0,,275.0,,,,,138.0,196.0,0.0,,,,,,,,,,,,,,,,,,,,,,,,,,,,,,8289.0,,,,,1649.0,204.0,4.0,0.0,5200.0,0.0,0.0,0.0,0.0,0.0,0.0,0.0,0.0,0.0,0.0,0.0,,1860.0,0.0,,,,-425.0,,,0.0,,,,,,,401.0,,240.0,1817.0,121.0,-41.0,0.0,2.0,0.0,0.0,1899.0,1899.0,10200.0,916.5,898.9,0.0,,,0.0,1768.0,-7.0,0.0,47.0,49.0,,,332.0,,,,,0.0,515.0,1.98,1.93,2.02,1.97,0.0,,45.0,,,0.0,-1783.0,,,,487.0,487.0,,,,,,,,,,,,,,,,,,,,,1768.0,1768.0,1768.0,1768.0,1768.0,,-69.0,,768.0,0.0,310.0,-58.0,0.0,,,,1817.0,48.0,,,,1668.0,1.93,2336.0,2668.0,1.97,1.5,12.71,5.3,0.6,35.0,,2370.0,,0.0,0.0,,,,,,,,,0.0,0.0,0.0,,,,,,,,,0.0,0.0,0.0,0.0,0.0,0.0,0.0,,1432.0,,,,,,0.0,0.0,0.0,0.0,38.0,18616.0,,,,,18616.0,,,,,,0.0,1.93,1.93,1.97,1.97,1768.0,1768.0,,,,,0.0,1.0,0.0,,,184.0,128.0,,,0.0,,,,,34.0,0.0,-56.0,,,602.0,0.0,,,,,,,,,,,,,,,,,,,,,,,,,-75.0,49.0,14.0,0.0,15948.0,0.0,0.0,0.0,0.0,0.0,0.0,,5748.0,A,226502105.0,0.21,0.42,48666.2729,54.46,55.9,48.305,2.0
7906,20130531,2012,4,5,INDL,C,D,STD,NKE,654106103,NIKE INC  -CL B,,DS,,2.0,2.0,,,USD,USD,1.0,,2013Q2,2012Q4,Y,,Q,7.0,5,,3,20130531.0,20130726.0,20130627.0,20130627.0,0.0,274.0,1110.0,13626.0,993.0,3958.0,0.0,288.0,-55.0,0.0,0.0,3225.0,1506.0,1646.0,,,,2008.0,,,,,17584.0,5.0,,,,,,5184.0,,11156.0,5965.0,3337.0,668.0,0.0,53.0,0.0,-10.0,0.0,711.0,0.0,711.0,3641.0,897.3,916.4,913.4,894.0,4.222,894.0,892.6,,0.0,3.0,0.0,80.0,,,,,,0.0,695.97,201.0,1268.0,-28.0,,3048.0,120.0,,0.0,0.0,,,,,,0.03,2.69,2.71,0.73,0.76,2.77,0.75,0.78,2.75,0.0,0.0,0.0,0.0,,-56.0,,,,,,,,,,,,,,,,,,,,,,,,131.0,,,,,,,,,,,,,,2463.97,695.97,695.97,696.0,696.0,12424.0,,382.0,513.0,,,,3434.0,,,,,2628.0,1981.0,3926.0,2502.0,0.0,34.0,1234.0,1234.0,0.0,17584.0,6428.0,6428.0,0.0,0.0,0.0,0.0,0.0,0.0,,,,668.0,-7.0,,121.0,,,,12100.0,2.69,2.75,0.76,918.0,1038.0,0.78,1.5,12.71,5.3,0.6,35.0,902.0,,0.0,0.0,0.0,0.0,0.0,,,,,,,,,0.0,0.0,0.0,0.0,0.0,0.0,,,,,,,,,0.0,5500.0,2452.0,0.0,0.0,0.0,0.0,0.0,0.0,0.0,0.0,0.0,0.0,0.0,57.22,0.3,0.0,0.0,0.0,,,,,0.0,0.0,0.0,0.0,50.0,41.0,0.0,3117.0,3117.0,,5969.0,,5695.0,6697.0,,,,,,,,,,,6697.0,0.0,11156.0,,,,,,,,2463.97,2.7,0.76,0.76,2.75,2.75,0.78,0.78,2463.97,2.7,695.97,695.97,,,,,0.0,,46.0,,11156.0,5238.0,0.0,34.0,,,0.0,0.0,,308.0,,,-93.0,,98.0,206.0,0.0,,,,,,,,,,,,,,,,,,,,,,,,,,,,,,9700.0,,,,,1741.0,-28.0,9.0,0.0,5659.0,0.0,0.0,0.0,0.0,0.0,0.0,0.0,0.0,0.0,0.0,0.0,,2018.0,0.0,,,,13.0,,,0.0,,,,,,,636.0,,1020.0,2485.0,121.0,12.0,0.0,-8.0,0.0,0.0,2610.0,2610.0,13841.0,916.4,897.3,0.0,,,0.0,2463.97,15.0,986.0,49.0,21.0,,,452.0,,,,,0.03,703.0,2.71,2.69,2.77,2.75,0.0,,100.0,-56.0,,0.0,-1040.0,,,,687.0,687.0,,,,,,,,,,,,,,,,,,,,,2463.97,2463.97,2464.0,2464.0,2464.0,20.0,-197.0,,758.0,0.0,-1067.0,-1203.0,0.0,,,,2485.0,41.0,,,,3027.0,2.69,3254.0,3706.0,2.75,1.5,12.71,5.3,0.6,35.0,,3272.0,,0.0,0.0,,,,,,,,,0.0,0.0,0.0,,,,,,,,,0.0,0.0,0.0,0.0,0.0,0.0,0.0,,1674.0,,,,,,0.0,0.0,0.0,0.0,142.0,25313.0,,,,,25313.0,,,,,,0.0,2.69,2.69,2.75,2.75,2463.97,2463.97,,,,,0.0,14.0,0.0,,,313.0,174.0,,,0.0,,,,,72.0,0.0,21.0,-93.0,702.0,808.0,0.0,,,,,,,,,,,,,,,,,,,,,,,,,-103.0,21.0,23.0,0.0,21607.0,0.0,0.0,0.0,0.0,0.0,0.0,,7766.0,A,243642255.0,0.21,0.21,55124.04,61.66,66.07,53.27,2.0
7906,20130831,2013,1,5,INDL,C,D,STD,NKE,654106103,NIKE INC  -CL B,,DS,,2.0,2.0,,,USD,USD,1.0,,2013Q3,2013Q1,Y,,Q,7.0,5,,3,20130831.0,20131008.0,20130926.0,20130926.0,0.0,177.0,1261.0,13618.0,985.0,4056.0,0.0,223.0,-56.0,0.0,0.0,2963.0,1499.0,1559.0,,,,1906.0,,,,,17674.0,6.0,,,,,,5340.0,,11282.0,5678.0,2936.0,779.0,-31.0,-65.0,0.0,-1.0,0.0,682.0,0.0,682.0,3717.0,893.225,912.225,910.7,889.0,8.357,889.0,889.4,,0.0,3.0,0.0,57.0,151.0,58.0,-10.0,33.0,0.0,0.0,779.0,168.0,1207.0,0.0,,3127.0,122.0,,0.0,0.0,,,,,,0.0,2.92,2.96,0.86,0.86,3.03,0.88,0.88,2.98,0.0,0.0,0.0,0.0,,-38.0,,,,,,,,,,,,,,,,,,,,,,,,131.0,,,,,,,,,,,,,,2657.97,779.0,779.0,779.0,779.0,12489.0,,383.0,514.0,,,,3472.0,,,,,2742.0,1925.0,3863.0,2529.0,0.0,33.0,1322.0,1322.0,0.0,17674.0,6392.0,6392.0,0.0,0.0,0.0,0.0,0.0,0.0,,,,779.0,-27.0,,111.0,,,,9600.0,2.92,2.98,0.86,1074.0,1196.0,0.88,1.3,14.85,5.3,1.3,27.9,1038.0,,0.0,0.0,0.0,0.0,0.0,,,,,,,,,0.0,0.0,0.0,0.0,0.0,0.0,,,,,,,,,0.0,5684.0,2557.0,0.0,0.0,0.0,0.0,0.0,0.0,0.0,0.0,0.0,0.0,0.0,62.93,0.3,0.0,0.0,0.0,,,,,0.0,0.0,0.0,0.0,,10.0,0.0,3207.0,3207.0,,5939.0,,5762.0,6971.0,,,,,,,,,,,6971.0,0.0,11282.0,,,,,,,,2657.97,2.92,0.86,0.86,2.98,2.98,0.88,0.88,2657.97,2.92,779.0,779.0,,,,,0.0,,42.0,,11282.0,4875.0,0.0,33.0,,,0.0,0.0,,308.0,,,,,211.0,259.0,0.0,,,,,,,,,,,,,,,,,,,,,,,,,,,,,,9755.0,,,,,1693.0,0.0,9.0,0.0,5775.0,0.0,0.0,0.0,0.0,0.0,0.0,0.0,0.0,0.0,0.0,0.0,,2058.0,0.0,,,,-237.0,,,0.0,,,,,,,215.0,,-401.0,779.0,-31.0,-65.0,0.0,-1.0,0.0,0.0,682.0,682.0,3717.0,910.7,889.4,0.0,,-10.0,0.0,779.0,-3.0,0.0,2.0,0.0,,,122.0,,,,,0.0,188.0,0.86,0.86,0.88,0.88,0.0,,-8.0,-38.0,,0.0,-598.0,,,,195.0,195.0,,,,,,,,,,,,,,,,,,,,,779.0,779.0,780.0,779.0,779.0,,-63.0,,-4.0,0.0,-392.0,-174.0,0.0,,,,779.0,-27.0,,,,597.0,0.86,1074.0,1196.0,0.88,1.3,14.85,5.3,1.3,27.9,,1038.0,,0.0,0.0,,,,,,,,,0.0,0.0,0.0,,,,,,,,,0.0,0.0,0.0,0.0,0.0,0.0,0.0,,526.0,,,,,,0.0,0.0,0.0,0.0,-102.0,6971.0,,,,,6971.0,,,,,,0.0,0.86,0.86,0.88,0.88,779.0,779.0,,,,,0.0,1.0,0.0,,,94.0,42.0,,,0.0,,,,,27.0,0.0,24.0,,,259.0,0.0,,,,,,,,,,,,,,,,,,,,,,,,,0.0,0.0,9.0,0.0,5775.0,0.0,0.0,0.0,0.0,0.0,0.0,,2058.0,A,226964820.0,0.21,0.21,55846.98,62.82,66.85,59.11,2.0
7906,20131130,2013,2,5,INDL,C,D,STD,NKE,654106103,NIKE INC  -CL B,,DS,,2.0,2.0,,,USD,USD,1.0,,2013Q4,2013Q2,Y,,Q,7.0,5,,3,20131130.0,20140107.0,20131219.0,20131219.0,0.0,90.0,1417.0,13607.0,1052.0,4213.0,0.0,123.0,-57.0,0.0,0.0,2860.0,1568.0,1612.0,,,,1577.0,,,,,17820.0,6.0,,,,,,5566.0,,11344.0,5287.0,2086.0,534.0,14.0,-100.0,0.0,-1.0,0.0,447.0,0.0,447.0,3481.0,890.975,911.625,910.6,888.0,5.518,888.0,888.0,,0.0,3.0,0.0,7.0,127.0,42.0,-19.0,94.0,7.0,0.0,534.0,187.0,1201.0,0.0,,3224.0,124.0,,0.0,0.0,,,,,,0.0,2.93,3.12,0.59,0.59,3.2,0.6,0.6,3.0,0.0,0.0,0.0,0.0,,-32.0,,,,,,,,,,,,,,,,,,,,,,,,131.0,,,,,,,,,,,,,,2670.97,534.0,534.0,534.0,534.0,12545.0,,385.0,516.0,,,,3695.0,,,,,3201.0,2005.0,3851.0,2625.0,0.0,101.0,1424.0,1424.0,0.0,17820.0,6476.0,6476.0,0.0,0.0,0.0,0.0,0.0,0.0,,,,534.0,-12.0,,180.0,,,,10400.0,2.93,3.0,0.59,735.0,859.0,0.6,1.3,14.88,5.3,1.3,27.9,714.0,,0.0,0.0,0.0,0.0,0.0,,,,,,,,,0.0,0.0,0.0,0.0,0.0,0.0,,,,,,,,,0.0,5869.0,2645.0,0.0,0.0,0.0,0.0,0.0,0.0,0.0,0.0,0.0,0.0,0.0,72.82,0.3,0.0,0.0,0.0,,,,,0.0,0.0,0.0,0.0,,24.0,0.0,3208.0,3208.0,,5775.0,,5685.0,6431.0,,,,,,,,,,,6431.0,0.0,11344.0,,,,,,,,2670.97,2.94,0.59,0.59,3.0,3.0,0.6,0.6,2670.97,2.94,534.0,534.0,,,,,0.0,,46.0,,11344.0,4443.0,0.0,101.0,,,0.0,0.0,,315.0,,,,,47.0,180.0,0.0,,,,,,,,,,,,,,,,,,,,,,,,,,,,,,9756.0,,,,,1698.0,0.0,9.0,0.0,5572.0,0.0,0.0,0.0,0.0,0.0,0.0,0.0,0.0,0.0,0.0,0.0,,2091.0,0.0,,,,-430.0,,,0.0,,,,,,,428.0,,-1251.0,1313.0,-17.0,-165.0,0.0,-2.0,0.0,0.0,1129.0,1129.0,7198.0,910.7,888.7,0.0,,-29.0,0.0,1313.0,66.0,0.0,57.0,0.0,,,246.0,,,,,0.0,375.0,1.44,1.44,1.48,1.48,0.0,,-13.0,-70.0,,0.0,-990.0,,,,388.0,388.0,,,,,,,,,,,,,,,,,,,,,1313.0,1313.0,1317.0,1313.0,1313.0,,-280.0,,-10.0,0.0,-1177.0,-740.0,0.0,,,,1313.0,-39.0,,,,929.0,1.44,1809.0,2055.0,1.48,1.3,14.88,5.3,1.3,27.9,,1752.0,,0.0,0.0,,,,,,,,,0.0,0.0,0.0,,,,,,,,,0.0,0.0,0.0,0.0,0.0,0.0,0.0,,928.0,,,,,,0.0,0.0,0.0,0.0,-89.0,13402.0,,,,,13402.0,,,,,,0.0,1.44,1.44,1.48,1.48,1313.0,1313.0,,,,,0.0,1.0,0.0,,,233.0,88.0,,,0.0,,,,,71.0,0.0,23.0,,,439.0,0.0,,,,,,,,,,,,,,,,,,,,,,,,,0.0,0.0,18.0,0.0,11347.0,0.0,0.0,0.0,0.0,0.0,0.0,,4149.0,A,253072374.0,0.21,0.0,70276.32,79.14,79.8699,63.5,2.0
7906,20140228,2013,3,5,INDL,C,D,STD,NKE,654106103,NIKE INC  -CL B,,DS,,2.0,2.0,,,USD,USD,1.0,,2014Q1,2013Q3,Y,,Q,7.0,5,,3,20140228.0,20140407.0,20140320.0,20140320.0,0.0,33.0,1201.0,13410.0,1140.0,4393.0,0.0,102.0,-59.0,0.0,0.0,2839.0,1657.0,1480.0,,,,1474.0,,,,,17803.0,6.0,,,,,,5723.0,,11133.0,5029.0,1864.0,682.0,-34.0,-21.0,0.0,-2.0,0.0,625.0,0.0,625.0,3737.0,888.1,910.175,904.8,881.0,10.441,881.0,882.3,,0.0,3.0,0.0,7.0,79.0,49.0,-15.0,111.0,6.0,0.0,682.0,126.0,1201.0,0.0,,3337.0,132.0,,0.0,0.0,,,,,,0.0,2.95,2.92,0.75,0.75,3.0,0.77,0.77,3.03,0.0,0.0,0.0,0.0,,-40.0,,,,,,,,,,,,,,,,,,,,,,,,131.0,,,,,,,,,,,,,,2690.97,682.0,682.0,682.0,682.0,12334.0,,386.0,517.0,,,,3825.0,,,,,3165.0,2303.0,3954.0,2716.0,0.0,117.0,1515.0,1515.0,0.0,17803.0,6670.0,6670.0,0.0,0.0,0.0,0.0,0.0,0.0,,,,682.0,-43.0,,119.0,,,,10900.0,2.95,3.03,0.75,934.0,1066.0,0.77,1.3,14.88,5.3,1.3,27.9,880.0,,0.0,0.0,0.0,0.0,0.0,,,,,,,,,0.0,0.0,0.0,0.0,0.0,0.0,,,,,,,,,0.0,6073.0,2736.0,0.0,0.0,0.0,0.0,0.0,0.0,0.0,0.0,0.0,0.0,0.0,75.47,0.3,0.0,0.0,0.0,,,,,0.0,0.0,0.0,0.0,,-10.0,0.0,3355.0,3355.0,,5407.0,,5374.0,6972.0,,,,,,,,,,,6972.0,0.0,11133.0,,,,,,,,2690.97,2.96,0.75,0.75,3.03,3.03,0.77,0.77,2690.97,2.96,682.0,682.0,,,,,0.0,,43.0,,11133.0,4319.0,0.0,117.0,,,0.0,0.0,,319.0,,,,,45.0,198.0,0.0,,,,,,,,,,,,,,,,,,,,,,,,,,,,,,9456.0,,,,,1981.0,0.0,11.0,0.0,5906.0,0.0,0.0,0.0,0.0,0.0,0.0,0.0,0.0,0.0,0.0,0.0,,2169.0,0.0,,,,-276.0,,,0.0,,,,,,,670.0,,-1473.0,1995.0,-51.0,-186.0,0.0,-4.0,0.0,0.0,1754.0,1754.0,10935.0,909.1,886.6,0.0,,-44.0,0.0,1995.0,37.0,0.0,67.0,0.0,,,378.0,,,,,0.0,587.0,2.19,2.19,2.25,2.25,0.0,,7.0,-110.0,,0.0,-1917.0,,,,611.0,611.0,,,,,,,,,,,,,,,,,,,,,1995.0,1995.0,2002.0,1995.0,1995.0,,-343.0,,-16.0,0.0,-1246.0,-561.0,0.0,,,,1995.0,-82.0,,,,1683.0,2.19,2743.0,3121.0,2.25,1.3,14.88,5.3,1.3,27.9,,2632.0,,0.0,0.0,,,,,,,,,0.0,0.0,0.0,,,,,,,,,0.0,0.0,0.0,0.0,0.0,0.0,0.0,,1716.0,,,,,,0.0,0.0,0.0,0.0,-255.0,20374.0,,,,,20374.0,,,,,,0.0,2.19,2.19,2.25,2.25,1995.0,1995.0,,,,,0.0,1.0,0.0,,,308.0,131.0,,,0.0,,,,,108.0,0.0,-56.0,,,637.0,0.0,,,,,,,,,,,,,,,,,,,,,,,,,0.0,0.0,29.0,0.0,17253.0,0.0,0.0,0.0,0.0,0.0,0.0,,6318.0,A,233694672.0,0.24,0.48,68982.3,78.3,80.26,69.85,2.0
7906,20140531,2013,4,5,INDL,C,D,STD,NKE,654106103,NIKE INC  -CL B,,DS,,2.0,2.0,,,USD,USD,1.0,,2014Q2,2013Q4,Y,,Q,7.0,5,,3,20140531.0,20140728.0,20140626.0,20140626.0,0.0,85.0,1173.0,13696.0,1651.0,4898.0,0.0,127.0,-51.0,0.0,0.0,3358.0,2064.0,1930.0,,,,1137.0,,,,,18594.0,7.0,,,,,,5865.0,,10824.0,5142.0,2220.0,698.0,19.0,25.0,0.0,8.0,0.0,750.0,0.0,750.0,3900.0,883.4,905.8,895.2,870.0,12.282,870.0,873.7,,0.0,3.0,0.0,43.0,101.0,32.0,-22.0,84.0,1.0,0.0,697.97,210.0,1237.0,0.0,,3386.0,140.0,,0.0,0.0,,,,,,0.03,2.97,2.97,0.78,0.78,3.05,0.8,0.8,3.05,0.0,0.0,0.0,0.0,,-29.0,,,,,,,,,,,,,,,,,,,,,,,,131.0,,,,,,,,,,,,,,2692.97,697.97,697.97,698.0,698.0,12061.0,,282.0,413.0,,,,3947.0,,,,,2922.0,2455.0,5027.0,2743.0,0.0,85.0,1506.0,1506.0,0.0,18594.0,7770.0,7770.0,0.0,0.0,0.0,0.0,0.0,0.0,,,,698.0,-16.0,,167.0,,,,13300.0,2.97,3.05,0.78,937.0,1077.0,0.8,1.3,14.89,5.3,1.3,27.9,912.0,,0.0,0.0,0.0,0.0,0.0,,,,,,,,,0.0,0.0,0.0,0.0,0.0,0.0,,,,,,,,,0.0,6220.0,2834.0,0.0,0.0,0.0,0.0,0.0,0.0,0.0,0.0,0.0,0.0,0.0,74.27,0.3,0.0,0.0,0.0,,,,,0.0,0.0,0.0,0.0,41.0,9.0,0.0,3434.0,3434.0,,4956.0,,4871.0,7425.0,,,,,,,,,,,7425.0,0.0,10824.0,,,,,,,,2692.97,2.98,0.78,0.78,3.05,3.05,0.8,0.8,2692.97,2.98,697.97,697.97,,,,,0.0,,46.0,,10824.0,4502.0,0.0,85.0,,,0.0,0.0,,355.0,,,-11.0,,432.0,214.0,0.0,,,,,,,,,,,,,,,,,,,,,,,,,,,,,,8669.0,,,,,2161.0,0.0,9.0,0.0,6348.0,0.0,0.0,0.0,0.0,0.0,0.0,0.0,0.0,0.0,0.0,0.0,,2448.0,0.0,,,,315.0,,,0.0,,,,,,,880.0,,-1117.0,2693.0,-32.0,-161.0,0.0,4.0,0.0,0.0,2504.0,2504.0,14835.0,905.8,883.4,0.0,,-66.0,0.0,2692.97,75.0,0.0,77.0,0.0,,,518.0,,,,,0.03,799.0,2.97,2.97,3.05,3.05,0.0,,1.0,-139.0,,0.0,-2914.0,,,,809.0,809.0,,,,,,,,,,,,,,,,,,,,,2692.97,2692.97,2693.0,2693.0,2693.0,53.0,-505.0,,-2.0,0.0,-1207.0,-328.0,0.0,,,,2693.0,-98.0,,,,3003.0,2.97,3680.0,4198.0,3.05,1.3,14.89,5.3,1.3,27.9,,3544.0,,0.0,0.0,,,,,,,,,0.0,0.0,0.0,,,,,,,,,0.0,0.0,0.0,0.0,0.0,0.0,0.0,,2628.0,,,,,,0.0,0.0,0.0,0.0,-298.0,27799.0,,,,,27799.0,,,,,,0.0,2.97,2.97,3.05,3.05,2692.97,2692.97,,,,,0.0,3.0,0.0,,,383.0,177.0,,,0.0,,,,,132.0,0.0,-11.0,-11.0,856.0,851.0,0.0,,,,,,,,,,,,,,,,,,,,,,,,,0.0,0.0,38.0,0.0,23601.0,0.0,0.0,0.0,0.0,0.0,0.0,,8766.0,A,227965625.0,0.24,0.24,66911.7,76.91,80.09,70.6,2.0
7906,20140831,2014,1,5,INDL,C,D,STD,NKE,654106103,NIKE INC  -CL B,,DS,,2.0,2.0,,,USD,USD,1.0,,2014Q3,2014Q1,Y,,Q,7.0,5,,3,20140831.0,20141008.0,20140925.0,20140925.0,0.0,224.0,1344.0,13540.0,1673.0,4981.0,0.0,262.0,-49.0,0.0,0.0,2901.0,2086.0,1970.0,,,,985.0,,,,,18521.0,7.0,,,,,,6070.0,,11105.0,4579.0,2303.0,962.0,2.0,135.0,0.0,2.0,0.0,1101.0,0.0,1101.0,4114.0,877.225,899.2,886.2,864.0,10.625,864.0,864.9,,0.0,3.0,0.0,6.0,219.0,64.0,97.0,61.0,5.0,0.0,962.0,152.0,1195.0,0.0,,3476.0,147.0,,0.0,0.0,,,,,,0.0,3.21,3.21,1.09,1.09,3.28,1.11,1.11,3.28,0.0,0.0,0.0,0.0,,32.0,,,,,,,,,,,,,,,,,,,,,,,,131.0,,,,,,,,,,,,,,2875.97,962.0,962.0,962.0,962.0,12300.0,,282.0,413.0,,,,4030.0,,,,,2276.0,2441.0,4813.0,2603.0,0.0,66.0,1408.0,1408.0,0.0,18521.0,7416.0,7416.0,0.0,0.0,0.0,0.0,0.0,0.0,,,,962.0,-2.0,,146.0,,,,10800.0,3.21,3.28,1.09,1241.0,1388.0,1.11,1.2,16.91,5.8,1.7,23.6,1229.0,,0.0,0.0,0.0,0.0,0.0,,,,,,,,,0.0,0.0,0.0,0.0,0.0,0.0,,,,,,,,,0.0,6371.0,2895.0,0.0,0.0,0.0,0.0,0.0,0.0,0.0,0.0,0.0,0.0,0.0,77.06,0.3,0.0,0.0,0.0,,,,,0.0,0.0,0.0,0.0,,11.0,0.0,3587.0,3587.0,,5032.0,,4808.0,7982.0,,,,,,,,,,,7982.0,0.0,11105.0,,,,,,,,2875.97,3.21,1.09,1.09,3.28,3.28,1.11,1.11,2875.97,3.21,962.0,962.0,,,,,0.0,,43.0,,11105.0,3893.0,0.0,66.0,,,0.0,0.0,,348.0,,,,,250.0,267.0,0.0,,,,,,,,,,,,,,,,,,,,,,,,,,,,,,8727.0,,,,,2173.0,0.0,10.0,0.0,6594.0,0.0,0.0,0.0,0.0,0.0,0.0,0.0,0.0,0.0,0.0,0.0,,2480.0,0.0,,,,-251.0,,,0.0,,,,,,,262.0,,83.0,962.0,2.0,135.0,0.0,2.0,0.0,0.0,1101.0,1101.0,4114.0,886.2,864.9,0.0,,97.0,0.0,962.0,-17.0,0.0,8.0,0.0,,,147.0,,,,,0.0,209.0,1.09,1.09,1.11,1.11,0.0,,97.0,32.0,,0.0,-882.0,,,,156.0,156.0,,,,,,,,,,,,,,,,,,,,,962.0,962.0,962.0,962.0,962.0,,-111.0,,0.0,0.0,280.0,540.0,0.0,,,,962.0,-2.0,,,,588.0,1.09,1241.0,1388.0,1.11,1.2,16.91,5.8,1.7,23.6,,1229.0,,0.0,0.0,,,,,,,,,0.0,0.0,0.0,,,,,,,,,0.0,0.0,0.0,0.0,0.0,0.0,0.0,,819.0,,,,,,0.0,0.0,0.0,0.0,-203.0,7982.0,,,,,7982.0,,,,,,0.0,1.09,1.09,1.11,1.11,962.0,962.0,,,,,0.0,2.0,0.0,,,127.0,43.0,,,0.0,,,,,44.0,0.0,35.0,,,267.0,0.0,,,,,,,,,,,,,,,,,,,,,,,,,0.0,0.0,10.0,0.0,6594.0,0.0,0.0,0.0,0.0,0.0,0.0,,2480.0,A,206427786.0,0.24,0.24,67867.2,78.55,80.3,73.14,2.0
7906,20141130,2014,2,5,INDL,C,D,STD,NKE,654106103,NIKE INC  -CL B,,DS,,2.0,2.0,,,USD,USD,1.0,,2014Q4,2014Q2,Y,,Q,7.0,5,,3,20141130.0,20150108.0,20141218.0,20141218.0,0.0,525.0,1713.0,14033.0,1795.0,5134.0,0.0,595.0,-47.0,0.0,0.0,3700.0,2207.0,2074.0,,,,873.0,,,,,19167.0,6.0,,,,,,6375.0,,11700.0,4713.0,2273.0,655.0,-34.0,333.0,0.0,2.0,0.0,956.0,0.0,956.0,3899.0,871.0,892.9,884.8,864.0,5.051,864.0,863.1,,0.0,3.0,0.0,110.0,470.0,170.0,200.0,55.0,3.0,0.0,655.0,203.0,1084.0,0.0,,3523.0,154.0,,0.0,0.0,,,,,,0.0,3.36,3.36,0.74,0.74,3.44,0.76,0.76,3.44,0.0,0.0,0.0,0.0,,-39.0,,,,,,,,,,,,,,,,,,,,,,,,131.0,,,,,,,,,,,,,,2996.97,655.0,655.0,655.0,655.0,12784.0,,281.0,412.0,,,,4150.0,,,,,2440.0,2622.0,4937.0,2530.0,0.0,58.0,1446.0,1446.0,0.0,19167.0,7467.0,7467.0,0.0,0.0,0.0,0.0,0.0,0.0,,,,655.0,0.0,,93.0,,,,11100.0,3.36,3.44,0.74,889.0,1043.0,0.76,1.2,16.94,5.8,1.7,23.6,878.0,,0.0,0.0,0.0,0.0,0.0,,,,,,,,,0.0,0.0,0.0,0.0,0.0,0.0,,,,,,,,,0.0,6450.0,2927.0,0.0,0.0,0.0,0.0,0.0,0.0,0.0,0.0,0.0,0.0,0.0,84.04,0.3,0.0,0.0,0.0,,,,,0.0,0.0,0.0,0.0,,-23.0,0.0,3457.0,3457.0,,5322.0,,4797.0,7380.0,,,,,,,,,,,7380.0,0.0,11700.0,,,,,,,,2996.97,3.36,0.74,0.74,3.44,3.44,0.76,0.76,2996.97,3.36,655.0,655.0,,,,,0.0,,49.0,,11700.0,4579.0,0.0,58.0,,,0.0,0.0,,334.0,,,,,38.0,223.0,0.0,,,,,,,,,,,,,,,,,,,,,,,,,,,,,,9096.0,,,,,2155.0,0.0,11.0,0.0,6337.0,0.0,0.0,0.0,0.0,0.0,0.0,0.0,0.0,0.0,0.0,0.0,,2438.0,0.0,,,,-275.0,,,0.0,,,,,,,487.0,,53.0,1617.0,-32.0,468.0,0.0,4.0,0.0,0.0,2057.0,2057.0,8013.0,885.8,864.0,0.0,,297.0,0.0,1617.0,-58.0,0.0,16.0,0.0,,,301.0,,,,,0.0,416.0,1.83,1.83,1.87,1.87,0.0,,288.0,-7.0,,0.0,-1304.0,,,,339.0,339.0,,,,,,,,,,,,,,,,,,,,,1617.0,1617.0,1617.0,1617.0,1617.0,,-318.0,,0.0,0.0,-166.0,319.0,0.0,,,,1617.0,-2.0,,,,1235.0,1.83,2130.0,2431.0,1.87,1.2,16.94,5.8,1.7,23.6,,2107.0,,0.0,0.0,,,,,,,,,0.0,0.0,0.0,,,,,,,,,0.0,0.0,0.0,0.0,0.0,0.0,0.0,,1243.0,,,,,,0.0,0.0,0.0,0.0,-177.0,15362.0,,,,,15362.0,,,,,,0.0,1.83,1.83,1.87,1.87,1617.0,1617.0,,,,,0.0,2.0,0.0,,,313.0,92.0,,,0.0,,,,,116.0,0.0,49.0,,,490.0,0.0,,,,,,,,,,,,,,,,,,,,,,,,,0.0,0.0,21.0,0.0,12931.0,0.0,0.0,0.0,0.0,0.0,0.0,,4918.0,A,249838665.0,0.24,0.0,85786.56,99.29,99.76,78.35,2.0
7906,20150228,2014,3,5,INDL,C,D,STD,NKE,654106103,NIKE INC  -CL B,,DS,,2.0,2.0,,,USD,USD,1.0,,2015Q1,2014Q3,Y,,Q,7.0,5,,3,20150228.0,20150407.0,20150319.0,20150319.0,0.0,1111.0,2056.0,15207.0,2060.0,5334.0,0.0,1164.0,-45.0,0.0,0.0,5073.0,2472.0,1821.0,,,,1017.0,,,,,20541.0,6.0,,,,,,6517.0,,12368.0,5361.0,3015.0,791.0,15.0,569.0,0.0,2.0,0.0,1377.0,0.0,1377.0,3882.0,865.825,887.925,883.8,860.0,6.536,860.0,861.4,,0.0,3.0,0.0,108.0,1053.0,454.0,322.0,167.0,28.0,0.0,791.0,169.0,1082.0,0.0,,3539.0,152.0,,0.0,0.0,,,,,,0.0,3.5,3.5,0.89,0.89,3.59,0.92,0.92,3.59,0.0,0.0,0.0,0.0,,-20.0,,,,,,,,,,,,,,,,,,,,,,,,131.0,,,,,,,,,,,,,,3105.97,791.0,791.0,791.0,791.0,13450.0,,281.0,412.0,,,,4246.0,,,,,2346.0,3563.0,5586.0,2587.0,0.0,195.0,1505.0,1505.0,0.0,20541.0,8173.0,8173.0,0.0,0.0,0.0,0.0,0.0,0.0,,,,791.0,6.0,,61.0,,,,11200.0,3.5,3.59,0.89,1047.0,1199.0,0.92,1.2,16.94,5.8,1.7,23.6,1046.0,,0.0,0.0,0.0,0.0,0.0,,,,,,,,,0.0,0.0,0.0,0.0,0.0,0.0,,,,,,,,,0.0,6401.0,2862.0,0.0,0.0,0.0,0.0,0.0,0.0,0.0,0.0,0.0,0.0,0.0,93.62,0.3,0.0,0.0,0.0,,,,,0.0,0.0,0.0,0.0,,-8.0,250.0,3544.0,3294.0,,5848.0,,4737.0,7460.0,,,,,,,,,,,7460.0,0.0,12368.0,,,,,,,,3105.97,3.5,0.89,0.89,3.59,3.59,0.92,0.92,3105.97,3.5,791.0,791.0,,,,,0.0,,48.0,,12368.0,6096.0,0.0,195.0,,,0.0,0.0,,328.0,,,,,33.0,255.0,0.0,,,,,,,,,,,,,,,,,,,,,,,,,,,,,,9621.0,,,,,2386.0,0.0,7.0,0.0,6261.0,0.0,0.0,0.0,0.0,0.0,0.0,0.0,0.0,0.0,0.0,0.0,,2379.0,0.0,,,,474.0,,,0.0,,,,,,,723.0,,795.0,2408.0,-17.0,1037.0,0.0,6.0,0.0,0.0,3434.0,3434.0,11895.0,885.5,863.2,0.0,,619.0,0.0,2408.0,-83.0,0.0,21.0,0.0,453.0,,453.0,,,,,0.0,658.0,2.72,2.72,2.79,2.79,0.0,,-66.0,-27.0,,0.0,-2095.0,,,,579.0,579.0,,,,,,,,,,,,,,,,,,,,,2408.0,2408.0,2408.0,2408.0,2408.0,,-510.0,,-250.0,0.0,-382.0,588.0,0.0,,,,2408.0,4.0,,,,3338.0,2.72,3177.0,3630.0,2.79,1.2,16.94,5.8,1.7,23.6,,3153.0,,0.0,0.0,,,,,,,,,0.0,0.0,0.0,,,,,,,,,0.0,0.0,0.0,0.0,0.0,0.0,0.0,,1855.0,,,,,,0.0,0.0,0.0,0.0,-109.0,22822.0,,,,,22822.0,,,,,,0.0,2.72,2.72,2.79,2.79,2408.0,2408.0,,,,,0.0,3.0,0.0,,,372.0,140.0,,,0.0,,,,,150.0,0.0,43.0,,,745.0,0.0,,,,,,,,,,,,,,,,,,,,,,,,,0.0,0.0,28.0,0.0,19192.0,0.0,0.0,0.0,0.0,0.0,0.0,,7297.0,A,218086039.0,0.28,0.56,83523.2,97.12,99.5,90.6901,2.0
7906,20150531,2014,4,5,INDL,C,D,STD,NKE,654106103,NIKE INC  -CL B,,DS,,2.0,2.0,,,USD,USD,1.0,,2015Q2,2014Q4,Y,,Q,7.0,5,,3,20150531.0,20150725.0,20150625.0,20150625.0,0.0,1246.0,2207.0,15976.0,2201.0,5624.0,0.0,1315.0,-58.0,0.0,0.0,6079.0,2613.0,2131.0,,,,869.0,,,,,21600.0,8.0,,,,,,6773.0,,12707.0,5924.0,3852.0,865.0,-3.0,151.0,0.0,-13.0,0.0,1000.0,0.0,1000.0,4033.0,861.7,884.4,879.8,857.0,6.787,857.0,857.5,,0.0,3.0,0.0,109.0,1114.0,525.0,127.0,162.0,13.0,0.0,865.0,183.0,1082.0,0.0,,3341.0,153.0,,0.0,0.0,,,,,,0.0,3.7,3.7,0.98,0.98,3.8,1.01,1.01,3.8,0.0,0.0,0.0,0.0,,-46.0,,,,,,,,,,,,,,,,,,,,,,,,131.0,,,,,,,,,,,,,,3273.0,865.0,865.0,865.0,865.0,13789.0,,281.0,412.0,,,,4337.0,,,,,2072.0,3949.0,6334.0,2559.0,0.0,175.0,1477.0,1477.0,0.0,21600.0,8893.0,8893.0,0.0,0.0,0.0,0.0,0.0,0.0,,,,865.0,60.0,,74.0,,,,13500.0,3.7,3.8,0.98,998.0,1151.0,1.01,1.2,16.95,5.8,1.7,23.6,1052.0,,0.0,0.0,0.0,0.0,0.0,,,,,,,,,0.0,0.0,0.0,0.0,0.0,0.0,,,,,,,,,0.0,6352.0,3011.0,0.0,0.0,0.0,0.0,0.0,0.0,0.0,0.0,0.0,0.0,0.0,99.95,0.3,0.0,0.0,0.0,,,,,0.0,0.0,0.0,0.0,54.0,-11.0,150.0,3508.0,3358.0,,5931.0,,4685.0,7779.0,,,,,,,,,,,7779.0,0.0,12707.0,,,,,,,,3273.0,3.7,0.98,0.98,3.8,3.8,1.01,1.01,3273.0,3.7,865.0,865.0,,,,,0.0,,51.0,,12707.0,6956.0,0.0,175.0,,,0.0,0.0,,389.0,,,-113.0,,71.0,187.0,0.0,,,,,,,,,,,,,,,,,,,,,,,,,,,,,,9642.0,,,,,2579.0,0.0,6.0,0.0,6628.0,0.0,0.0,0.0,0.0,0.0,0.0,0.0,0.0,0.0,0.0,0.0,,2595.0,0.0,,,,1093.0,,,0.0,,,,,,,963.0,,1632.0,3273.0,-20.0,1188.0,0.0,-7.0,0.0,0.0,4434.0,4434.0,15928.0,884.4,861.7,0.0,,746.0,0.0,3273.0,-63.0,0.0,26.0,0.0,606.0,,606.0,,,,,0.0,899.0,3.7,3.7,3.8,3.8,0.0,,-83.0,-73.0,,0.0,-2790.0,,,,658.0,658.0,,,,,,,,,,,,,,,,,,,,,3273.0,3273.0,3273.0,3273.0,3273.0,53.0,-621.0,,-150.0,0.0,-175.0,935.0,0.0,,,,3273.0,64.0,,,,4680.0,3.7,4175.0,4781.0,3.8,1.2,16.95,5.8,1.7,23.6,,4205.0,,0.0,0.0,,,,,,,,,0.0,0.0,0.0,,,,,,,,,0.0,0.0,0.0,0.0,0.0,0.0,0.0,,2534.0,,,,,,0.0,0.0,0.0,0.0,-216.0,30601.0,,,,,30601.0,,,,,,0.0,3.7,3.7,3.8,3.8,3273.0,3273.0,,,,,0.0,3.0,0.0,,,514.0,191.0,,,0.0,,,,,218.0,0.0,-113.0,-113.0,1262.0,932.0,0.0,,,,,,,,,,,,,,,,,,,,,,,,,0.0,0.0,34.0,0.0,25820.0,0.0,0.0,0.0,0.0,0.0,0.0,,9892.0,A,207342155.0,0.28,0.28,87131.19,101.67,105.5,95.18,2.0
7906,20150831,2015,1,5,INDL,C,D,STD,NKE,654106103,NIKE INC  -CL B,,DS,,2.0,2.0,,,USD,USD,1.0,,2015Q3,2015Q1,Y,,Q,7.0,5,,3,20150831.0,20151007.0,20150924.0,20150924.0,0.0,833.0,1928.0,15238.0,2004.0,5528.0,0.0,986.0,-61.0,0.0,0.0,4766.0,2416.0,1933.0,,,,1050.0,,,,,20766.0,9.0,,,,,,7029.0,,12894.0,5408.0,3246.0,1179.0,-81.0,-329.0,0.0,-3.0,0.0,766.0,0.0,766.0,4265.0,859.125,881.425,877.3,854.0,5.47,854.0,854.5,,0.0,3.0,0.0,106.0,851.0,303.0,32.0,118.0,29.0,0.0,1179.0,129.0,1079.0,0.0,,,154.0,,0.0,0.0,,,,,,0.0,3.95,3.95,1.34,1.34,4.07,1.38,1.38,4.07,0.0,0.0,0.0,0.0,,-151.0,,,,,,,,,,,,,,,,,,,,,,,,131.0,,,,,,,,,,,,,,3490.0,1179.0,1179.0,1179.0,1179.0,13973.0,,281.0,412.0,,,,4414.0,,,,,2162.0,3139.0,5276.0,2596.0,0.0,147.0,1517.0,1517.0,0.0,20766.0,7872.0,7872.0,0.0,0.0,0.0,0.0,0.0,0.0,,,,1179.0,33.0,,23.0,,,,11600.0,3.95,4.07,1.34,1418.0,1572.0,1.38,1.0,25.32,5.8,1.7,23.6,1445.0,,,,,,,,,,,,,,,0.0,0.0,0.0,0.0,0.0,,,,,,,,,,0.0,,3112.0,,,,,,,0.0,0.0,0.0,0.0,0.0,107.51,0.3,0.0,0.0,0.0,,,,,0.0,0.0,0.0,0.0,,-92.0,200.0,3488.0,3288.0,,5862.0,,5029.0,8414.0,,,,,,,,,,,8414.0,0.0,12894.0,,,,,,,,,,,,,,,,,,,,,,,,0.0,,54.0,,12894.0,5825.0,0.0,147.0,,,0.0,0.0,,377.0,,,,,75.0,266.0,0.0,,,,,,,,,,,,,,,,,,,,,,,,,,,,,,9962.0,,,,,2314.0,0.0,6.0,0.0,6842.0,,,0.0,,0.0,,0.0,,0.0,,0.0,,2577.0,0.0,,,,-860.0,,,0.0,,,,,,,327.0,,-606.0,1179.0,-81.0,-329.0,0.0,-3.0,0.0,0.0,766.0,766.0,4265.0,877.3,854.5,0.0,,32.0,0.0,1179.0,-48.0,0.0,1.0,0.0,154.0,,154.0,,,,,0.0,240.0,1.34,1.34,1.38,1.38,0.0,,-38.0,-151.0,,0.0,-674.0,,,,97.0,97.0,,,,,,,,,,,,,,,,,,,,,1179.0,1179.0,1179.0,1179.0,1179.0,,-100.0,,-50.0,0.0,-385.0,-17.0,0.0,,,,1179.0,33.0,,,,491.0,1.34,1418.0,1572.0,1.38,1.0,25.32,5.8,1.7,23.6,,1445.0,,,,,,,,,,,,0.0,0.0,0.0,,,,,,,,,,,,,0.0,0.0,0.0,,588.0,,,,,,0.0,0.0,0.0,0.0,52.0,8414.0,,,,,8414.0,,,,,,0.0,,,,,,,,,,,0.0,9.0,0.0,,,128.0,54.0,,,0.0,,,,,75.0,0.0,-31.0,,,266.0,0.0,,,,,,,,,,,,,,,,,,,,,,,,,0.0,0.0,6.0,0.0,6842.0,0.0,,0.0,,0.0,,,2577.0,A,216293329.0,0.28,0.0,95434.5,111.75,117.7199,94.5,2.0
7906,20151130,2015,2,5,INDL,C,D,STD,NKE,654106103,NIKE INC  -CL B,,DS,,2.0,2.0,,,USD,USD,1.0,,2015Q4,2015Q2,Y,,Q,7.0,5,,3,20151130.0,20160107.0,20151222.0,20151222.0,0.0,1107.0,2452.0,16755.0,2181.0,5828.0,0.0,1296.0,-48.0,0.0,0.0,5585.0,2593.0,1915.0,,,,1283.0,,,,,22583.0,17.0,,,,,,7408.0,,13405.0,6116.0,3851.0,785.0,-29.0,290.0,0.0,13.0,0.0,1059.0,0.0,1059.0,4025.0,856.675,879.25,875.7,853.5,11.175,853.5,853.3,,0.0,3.0,0.0,5.0,1038.0,445.0,102.0,202.0,9.0,0.0,785.0,104.0,2067.0,0.0,,,160.0,,0.0,0.0,,,,,,0.0,4.11,4.11,0.9,0.9,4.23,0.92,0.92,4.23,0.0,0.0,0.0,0.0,,-109.0,,,,,,,,,,,,,,,,,,,,,,,,131.0,,,,,,,,,,,,,,3620.0,785.0,785.0,785.0,785.0,15472.0,,281.0,412.0,,,,4600.0,,,,,2265.0,3451.0,5511.0,3667.0,0.0,211.0,1600.0,1600.0,0.0,22583.0,9178.0,9178.0,0.0,0.0,0.0,0.0,0.0,0.0,,,,785.0,36.0,,99.0,,,,12300.0,4.11,4.23,0.9,941.0,1101.0,0.92,1.0,25.34,5.8,1.7,23.6,970.0,,,,,,,,,,,,,,,0.0,0.0,0.0,0.0,0.0,,,,,,,,,,0.0,,3235.0,,,,,,,0.0,0.0,0.0,0.0,0.0,116.7,0.3,0.0,0.0,0.0,,,,,0.0,0.0,0.0,0.0,,-141.0,150.0,3587.0,3437.0,,5994.0,,4887.0,7686.0,,,,,,,,,,,7686.0,0.0,13405.0,,,,,,,,,,,,,,,,,,,,,,,,,,62.0,,13405.0,6885.0,0.0,211.0,,,0.0,0.0,,405.0,,,,,41.0,185.0,0.0,,,,,,,,,,,,,,,,,,,,,,,,,,,,,,11244.0,,,,,2251.0,0.0,7.0,0.0,6585.0,,,0.0,,0.0,,0.0,,0.0,,0.0,,2560.0,0.0,,,,-908.0,,,0.0,,,,,,,615.0,,-1.0,1964.0,-110.0,-39.0,0.0,10.0,0.0,0.0,1825.0,1825.0,8290.0,876.7,853.9,0.0,,134.0,0.0,1964.0,33.0,981.0,106.0,0.0,314.0,,314.0,,,,,0.0,479.0,2.24,2.24,2.3,2.3,0.0,,-58.0,-260.0,,0.0,-282.0,,,,198.0,198.0,,,,,,,,,,,,,,,,,,,,,1964.0,1964.0,1964.0,1964.0,1964.0,,-354.0,,0.0,0.0,-697.0,-91.0,0.0,,,,1964.0,69.0,,,,1036.0,2.24,2359.0,2673.0,2.3,1.0,25.34,5.8,1.7,23.6,,2415.0,,,,,,,,,,,,0.0,0.0,0.0,,,,,,,,,,,,,0.0,0.0,0.0,,1240.0,,,,,,0.0,0.0,0.0,0.0,-139.0,16100.0,,,,,16100.0,,,,,,0.0,,,,,,,,,,,,9.0,0.0,,,328.0,116.0,,,0.0,,,,,201.0,0.0,-39.0,,,451.0,0.0,,,,,,,,,,,,,,,,,,,,,,,,,0.0,0.0,13.0,0.0,13427.0,0.0,,0.0,,0.0,,,5137.0,A,280893327.0,0.28,0.28,112900.98,132.28,135.3,108.03,2.0
7906,20160229,2015,3,5,INDL,C,D,STD,NKE,654106103,NIKE INC  -CL B,,DS,,1.0,1.0,,,USD,USD,1.0,,2016Q1,2015Q3,Y,,Q,7.0,5,,3,20160229.0,20160405.0,20160322.0,20160322.0,0.0,645.0,2042.0,15256.0,1990.0,5731.0,0.0,946.0,-49.0,0.0,0.0,4238.0,2402.0,1714.0,,,,1027.0,,,,,20987.0,20.0,,,,,,7539.0,,12300.0,5106.0,3044.0,950.0,-111.0,-350.0,0.0,-1.0,0.0,488.0,0.0,488.0,4176.0,1706.15,1751.275,1737.3,1685.0,24.285,1685.0,1693.8,,0.0,3.0,0.0,7.0,721.0,247.0,40.0,160.0,22.0,0.0,950.0,7.0,2048.0,0.0,,,167.0,,0.0,0.0,,,,,,0.0,2.16,2.16,0.55,0.55,2.215,0.56,0.56,2.215,0.0,0.0,0.0,0.0,,-98.0,,,,,,,,,,,,,,,,,,,,,,,,131.0,,,,,,,,,,,,,,3779.0,950.0,950.0,950.0,950.0,14348.0,,281.0,412.0,,,,4590.0,,,,,2062.0,3224.0,4980.0,3707.0,0.0,182.0,1659.0,1659.0,0.0,20987.0,8687.0,8687.0,0.0,0.0,0.0,0.0,0.0,0.0,,,,950.0,21.0,,0.0,,,,12600.0,2.16,2.215,0.55,1123.0,1290.0,0.56,1.0,12.67,5.8,1.7,23.6,1135.0,,,,,,,,,,,,,,,0.0,0.0,0.0,0.0,0.0,,,,,,,,,,0.0,,3329.0,,,,,,,0.0,0.0,0.0,0.0,0.0,60.04,0.3,0.0,0.0,0.0,,,,,0.0,0.0,0.0,0.0,,-252.0,150.0,3518.0,3368.0,,4758.0,,4113.0,8032.0,,,,,,,,,,,8032.0,0.0,12300.0,,,,,,,,,,,,,,,,,,,,,,,,,,60.0,,12300.0,5285.0,0.0,182.0,,,0.0,0.0,,410.0,,,,,35.0,185.0,0.0,,,,,,,,,,,,,,,,,,,,,,,,,,,,,,10276.0,,,,,2456.0,0.0,9.0,0.0,6742.0,,,0.0,,0.0,,0.0,,0.0,,0.0,,2566.0,0.0,,,,-1380.0,,,0.0,,,,,,,901.0,,-808.0,2914.0,-221.0,-389.0,0.0,9.0,0.0,0.0,2313.0,2313.0,12466.0,1748.5,1703.2,0.0,,174.0,0.0,2914.0,-68.0,981.0,109.0,0.0,481.0,,481.0,,,,,0.0,752.0,1.67,1.67,1.71,1.71,0.0,,-131.0,-358.0,,0.0,-2045.0,,,,386.0,386.0,,,,,,,,,,,,,,,,,,,,,2914.0,2914.0,2914.0,2914.0,2914.0,,-359.0,,147.0,0.0,-544.0,201.0,0.0,,,,2914.0,90.0,,,,1912.0,1.67,3482.0,3963.0,1.71,1.0,12.67,5.8,1.7,23.6,,3550.0,,,,,,,,,,,,0.0,0.0,0.0,,,,,,,,,,,,,0.0,0.0,0.0,,2698.0,,,,,,0.0,0.0,0.0,0.0,-124.0,24132.0,,,,,24132.0,,,,,,0.0,,,,,,,,,,,,9.0,0.0,,,370.0,176.0,,,0.0,,,,,231.0,0.0,-6.0,,,636.0,0.0,,,,,,,,,,,,,,,,,,,,,,,,,0.0,0.0,22.0,0.0,20169.0,0.0,,0.0,,0.0,,,7703.0,A,646376286.0,0.16,0.16,103779.15,61.59,68.195,53.64,1.0
7906,20160531,2015,4,5,INDL,C,D,STD,NKE,654106103,NIKE INC  -CL B,,DS,,1.0,1.0,,,USD,USD,1.0,,2016Q2,2015Q4,Y,,Q,7.0,5,,3,20160531.0,20160722.0,20160628.0,20160628.0,0.0,318.0,1489.0,15025.0,2439.0,6371.0,0.0,578.0,-53.0,0.0,0.0,4035.0,2851.0,2191.0,,,,1265.0,,,,,21396.0,10.0,,,,,,7786.0,,12258.0,5457.0,3138.0,846.0,45.0,-368.0,0.0,-4.0,0.0,519.0,0.0,519.0,4290.0,1697.9,1742.5,1723.1,1682.0,9.017,1682.0,1682.4,,0.0,3.0,0.0,51.0,496.0,121.0,-25.0,162.0,38.0,0.0,846.0,52.0,2018.0,0.0,,3518.0,168.0,,0.0,0.0,,,,,,0.0,2.16,2.16,0.49,0.49,2.21,0.5,0.5,2.21,0.0,0.0,0.0,0.0,,-65.0,,,,,,,,,,,,,,,,,,,,,,,,131.0,,,,,,,,,,,,,,3760.0,846.0,846.0,846.0,846.0,14276.0,,281.0,412.0,,,,4838.0,,,,,2319.0,3030.0,5358.0,3780.0,0.0,199.0,1762.0,1762.0,0.0,21396.0,9138.0,9138.0,0.0,0.0,0.0,0.0,0.0,0.0,,,,846.0,62.0,,1.0,,,,14900.0,2.16,2.21,0.49,1020.0,1188.0,0.5,1.0,12.66,5.8,1.7,23.6,1073.0,,,,,,,,,,,,,,,0.0,0.0,0.0,0.0,0.0,,,,,,,,,,0.0,7038.0,3520.0,,,,,,,0.0,0.0,0.0,0.0,0.0,59.89,0.3,0.0,0.0,0.0,,,,,0.0,0.0,0.0,0.0,26.0,-207.0,0.0,3241.0,3241.0,,4469.0,,4151.0,8244.0,,,,,,,,,,,8244.0,0.0,12258.0,,,,,,,,,,,,,,,,,,,,,,,,,,60.0,,12258.0,5310.0,0.0,199.0,,,0.0,0.0,,0.0,0.0,,-80.0,,85.0,227.0,0.0,,,,,,,,,,,,,,,,,,,,,,,,,,,,,,9667.0,,,,,2492.0,0.0,9.0,0.0,7056.0,,,0.0,,0.0,,0.0,,0.0,,0.0,,2766.0,0.0,,,,-1050.0,,,0.0,,,,,,,1143.0,,-714.0,3760.0,-176.0,-757.0,0.0,5.0,0.0,0.0,2832.0,2832.0,16756.0,1742.5,1697.9,0.0,,149.0,0.0,3760.0,-67.0,981.0,113.0,0.0,649.0,,649.0,,,,,0.0,1022.0,2.16,2.16,2.21,2.21,0.0,,-105.0,-423.0,,0.0,-2671.0,,,,347.0,347.0,,,,,,,,,,,,,,,,,,,,,3760.0,3760.0,3760.0,3760.0,3760.0,70.0,-590.0,,156.0,0.0,-1034.0,-57.0,0.0,,,,3760.0,152.0,,,,3096.0,2.16,4502.0,5151.0,2.21,1.0,12.66,5.8,1.7,23.6,,4623.0,,,,,,,,,,,,0.0,0.0,0.0,,,,,,,,,,,,,0.0,0.0,0.0,,3238.0,,,,,,0.0,0.0,0.0,0.0,60.0,32376.0,,,,,32376.0,,,,,,0.0,,,,,,,,,,,,10.0,0.0,,,507.0,236.0,,,0.0,,,,,281.0,0.0,-80.0,-80.0,748.0,863.0,0.0,,,,,,,,,,,,,,,,,,,,,,,,,0.0,0.0,31.0,0.0,27225.0,0.0,,0.0,,0.0,,,10469.0,A,598302688.0,0.16,0.16,92880.04,55.22,65.44,55.17,1.0
7906,20160831,2016,1,5,INDL,C,D,STD,NKE,654106103,NIKE INC  -CL B,,DS,,1.0,1.0,,,USD,USD,1.0,,2016Q3,2016Q1,Y,,Q,7.0,5,,3,20160831.0,20161011.0,20160927.0,20160927.0,0.0,85.0,1380.0,14589.0,2572.0,6567.0,0.0,338.0,-49.0,0.0,0.0,3450.0,2995.0,2088.0,,,,1045.0,,,,,21156.0,10.0,,,,,,7999.0,,12165.0,4787.0,2659.0,1249.0,3.0,-240.0,0.0,4.0,0.0,1016.0,0.0,1016.0,4765.0,1688.7,1730.175,1708.9,1668.0,18.967,1668.0,1672.0,,0.0,3.0,0.0,44.0,390.0,97.0,5.0,331.0,37.0,0.0,1249.0,66.0,1993.0,0.0,,,173.0,,0.0,0.0,,,,,,0.0,2.22,2.22,0.73,0.73,2.27,0.75,0.75,2.27,0.0,0.0,0.0,0.0,,3.0,,,,,,,,,,,,,,,,,,,,,,,,139.0,,,,,,,,,,,,,,3830.0,1249.0,1249.0,1249.0,1249.0,14158.0,,284.0,423.0,,,,4896.0,,,,,2128.0,3147.0,5363.0,3628.0,0.0,368.0,1635.0,1635.0,0.0,21156.0,8991.0,8991.0,0.0,0.0,0.0,0.0,0.0,0.0,,,,1249.0,66.0,,22.0,,,,12300.0,2.22,2.27,0.73,1226.0,1399.0,0.75,1.1,9.36,6.0,1.3,17.3,1281.0,,,,,,,,,,,,,,,,,,,,,,,,,,,,,0.0,,3572.0,,,,,,,,,,,,55.59,0.3,0.0,0.0,0.0,,,,,0.0,0.0,0.0,0.0,,-204.0,0.0,3526.0,3526.0,,4163.0,,4078.0,9061.0,,,,,,,,,,,9061.0,0.0,12165.0,,,,,,,,,,,,,,,,,,,,,,,,0.0,,57.0,,12165.0,4505.0,0.0,368.0,,,0.0,0.0,,0.0,0.0,,,,62.0,32.0,0.0,,,,,,,,,,,,,,,,,,,,,,,,,,,,,,9226.0,,,,,2544.0,0.0,11.0,0.0,7662.0,,,,,,,,,,,,,2897.0,0.0,,,,-308.0,,,0.0,,,,,,,277.0,,-479.0,1249.0,3.0,-240.0,0.0,4.0,0.0,0.0,1016.0,1016.0,4765.0,1708.9,1672.0,0.0,,5.0,0.0,1249.0,21.0,0.0,4.0,0.0,173.0,,173.0,,,,,0.0,269.0,0.73,0.73,0.75,0.75,0.0,,11.0,3.0,,0.0,-1135.0,,,,3.0,3.0,,,,,,,,,,,,,,,,,,,,,1249.0,1249.0,1249.0,1249.0,1249.0,,-62.0,,-42.0,0.0,-76.0,243.0,0.0,,,,1249.0,66.0,,,,721.0,0.73,1226.0,1399.0,0.75,1.1,9.36,6.0,1.3,17.3,,1281.0,,,,,,,,,,,,,,,,,,,,,,,,,,,,,,,1054.0,,,,,,0.0,0.0,0.0,0.0,-284.0,9061.0,,,,,9061.0,,,,,,0.0,,,,,,,,,,,0.0,0.0,0.0,,,112.0,57.0,,,0.0,,,,,59.0,0.0,-50.0,,,32.0,0.0,,,,,,,,,,,,,,,,,,,,,,,,,0.0,0.0,11.0,0.0,7662.0,,,,,,,,2897.0,A,662004704.0,0.16,0.16,96143.52,57.64,60.33,51.475,1.0
7906,20161130,2016,2,5,INDL,C,D,STD,NKE,654106103,NIKE INC  -CL B,,DS,,1.0,1.0,,,USD,USD,1.0,,2016Q4,2016Q2,Y,,Q,7.0,5,,3,20161130.0,20170106.0,20161220.0,20161220.0,0.0,399.0,1557.0,16011.0,2653.0,6641.0,0.0,661.0,-44.0,0.0,0.0,4860.0,3075.0,2033.0,,,,1256.0,,,,,22652.0,10.0,,,,,,8196.0,,12323.0,5943.0,4339.0,842.0,-14.0,323.0,0.0,5.0,0.0,1156.0,0.0,1156.0,4391.0,1676.85,1715.75,1693.2,1656.0,16.957,1656.0,1659.1,,0.0,3.0,0.0,44.0,661.0,193.0,235.0,88.0,13.0,0.0,842.0,64.0,3473.0,0.0,,,173.0,,0.0,0.0,,,,,,0.0,2.27,2.27,0.5,0.5,2.32,0.51,0.51,2.32,0.0,0.0,0.0,0.0,,-29.0,,,,,,,,,,,,,,,,,,,,,,,,139.0,,,,,,,,,,,,,,3887.0,842.0,842.0,842.0,842.0,15796.0,,283.0,422.0,,,,5033.0,,,,,1604.0,3076.0,5225.0,5104.0,0.0,101.0,1631.0,1631.0,0.0,22652.0,10329.0,10329.0,0.0,0.0,0.0,0.0,0.0,0.0,,,,842.0,23.0,,20.0,,,,12300.0,2.27,2.32,0.5,1111.0,1284.0,0.51,1.1,9.38,6.0,1.3,17.4,1114.0,,,,,,,,,,,,,,,,,,,,,,,,,,,,,0.0,,3566.0,,,,,,,,,,,,53.05,0.3,0.0,0.0,0.0,,,,,0.0,0.0,0.0,0.0,,-218.0,0.0,3478.0,3478.0,,4124.0,,3725.0,8180.0,,,,,,,,,,,8180.0,0.0,12323.0,,,,,,,,,,,,,,,,,,,,,,,,0.0,,54.0,,12323.0,6126.0,0.0,101.0,,,0.0,0.0,,0.0,0.0,,,,52.0,272.0,0.0,,,,,,,,,,,,,,,,,,,,,,,,,,,,,,10786.0,,,,,2315.0,0.0,20.0,0.0,6896.0,,,,,,,,,,,,,2505.0,0.0,,,,-154.0,,,0.0,,,,,,,512.0,,1201.0,2091.0,-11.0,83.0,0.0,9.0,0.0,0.0,2172.0,2172.0,9156.0,1701.3,1665.6,0.0,,240.0,0.0,2091.0,21.0,1482.0,9.0,0.0,346.0,,346.0,,,,,0.0,536.0,1.23,1.23,1.26,1.26,0.0,,-39.0,-26.0,,0.0,-680.0,,,,89.0,89.0,,,,,,,,,,,,,,,,,,,,,2091.0,2091.0,2091.0,2091.0,2091.0,,-300.0,,-53.0,0.0,236.0,789.0,0.0,,,,2091.0,89.0,,,,1684.0,1.23,2337.0,2683.0,1.26,1.1,9.38,6.0,1.3,17.4,,2395.0,,,,,,,,,,,,,,,,,,,,,,,,,,,,,,,1954.0,,,,,,0.0,0.0,0.0,0.0,-318.0,17241.0,,,,,17241.0,,,,,,0.0,,,,,,,,,,,0.0,12.0,0.0,,,238.0,111.0,,,0.0,,,,,78.0,0.0,-70.0,,,304.0,0.0,,,,,,,,,,,,,,,,,,,,,,,,,0.0,0.0,31.0,0.0,14558.0,,,,,,,,5402.0,A,584365703.0,0.16,0.16,82915.92,50.07,59.18,49.01,1.0
7906,20170228,2016,3,5,INDL,C,D,STD,NKE,654106103,NIKE INC  -CL B,,DS,,1.0,1.0,,,USD,USD,1.0,,2017Q1,2016Q3,Y,,Q,7.0,5,,3,20170228.0,20170404.0,20170321.0,20170321.0,0.0,229.0,1361.0,16205.0,2732.0,6947.0,0.0,486.0,-51.0,0.0,0.0,4971.0,3154.0,1938.0,,,,1195.0,,,,,23152.0,10.0,,,,,,8395.0,,12722.0,6160.0,4021.0,1141.0,12.0,-175.0,0.0,-7.0,0.0,971.0,0.0,971.0,4507.0,1666.725,1703.075,1686.3,1652.0,8.855,1652.0,1653.1,,0.0,3.0,0.0,6.0,494.0,122.0,0.0,118.0,8.0,0.0,1141.0,29.0,3472.0,0.0,,,175.0,,0.0,0.0,,,,,,0.0,2.4,2.4,0.68,0.68,2.45,0.69,0.69,2.45,0.0,0.0,0.0,0.0,,24.0,,,,,,,,,,,,,,,,,,,,,,,,139.0,,,,,,,,,,,,,,4078.0,1141.0,1141.0,1141.0,1141.0,16194.0,,283.0,422.0,,,,4932.0,,,,,2139.0,3228.0,5271.0,5159.0,0.0,126.0,1687.0,1687.0,0.0,23152.0,10430.0,10430.0,0.0,0.0,0.0,0.0,0.0,0.0,,,,1141.0,96.0,,23.0,,,,12300.0,2.4,2.45,0.68,1254.0,1429.0,0.69,1.1,9.38,6.0,1.3,17.4,1323.0,,,,,,,,,,,,,,,,,,,,,,,,,,,,,0.0,,3793.0,,,,,,,,,,,,53.6,0.3,0.0,0.0,0.0,,,,,0.0,0.0,0.0,0.0,,-206.0,0.0,3752.0,3752.0,,4324.0,,4095.0,8432.0,,,,,,,,,,,8432.0,0.0,12722.0,,,,,,,,,,,,,,,,,,,,,,,,0.0,,51.0,,12722.0,6176.0,0.0,126.0,,,0.0,0.0,,0.0,0.0,,,,76.0,182.0,0.0,,,,,,,,,,,,,,,,,,,,,,,,,,,,,,10934.0,,,,,2514.0,0.0,27.0,0.0,7003.0,,,,,,,,,,,,,2496.0,0.0,,,,-179.0,,,0.0,,,,,,,776.0,,883.0,3232.0,1.0,-92.0,0.0,2.0,0.0,0.0,3143.0,3143.0,13663.0,1696.4,1661.5,0.0,,240.0,0.0,3232.0,24.0,1482.0,57.0,0.0,521.0,,521.0,,,,,0.0,834.0,1.91,1.91,1.95,1.95,0.0,,-30.0,-2.0,,0.0,-1350.0,,,,79.0,79.0,,,,,,,,,,,,,,,,,,,,,3232.0,3232.0,3232.0,3232.0,3232.0,,-157.0,,-34.0,0.0,-488.0,309.0,0.0,,,,3232.0,185.0,,,,2751.0,1.91,3591.0,4112.0,1.95,1.1,9.38,6.0,1.3,17.4,,3718.0,,,,,,,,,,,,,,,,,,,,,,,,,,,,,,,2429.0,,,,,,0.0,0.0,0.0,0.0,-546.0,25673.0,,,,,25673.0,,,,,,0.0,,,,,,,,,,,0.0,13.0,0.0,,,339.0,162.0,,,0.0,,,,,125.0,0.0,-199.0,,,486.0,0.0,,,,,,,,,,,,,,,,,,,,,,,,,0.0,0.0,58.0,0.0,21561.0,,,,,,,,7898.0,A,567658958.0,0.18,0.18,94428.32,57.16,58.42,50.06,1.0
7906,20170531,2016,4,5,INDL,C,D,STD,NKE,654106103,NIKE INC  -CL B,,DS,,1.0,1.0,,,USD,USD,1.0,,2017Q2,2016Q4,Y,,Q,7.0,5,,3,20170531.0,20170721.0,20170629.0,20170629.0,0.0,-213.0,1150.0,16061.0,2787.0,7198.0,0.0,63.0,-85.0,0.0,0.0,4370.0,3209.0,2048.0,,,,1545.0,,,,,23259.0,10.0,,,,,,8638.0,,12407.0,6179.0,3808.0,1008.0,15.0,-423.0,0.0,-34.0,0.0,566.0,0.0,566.0,4669.0,1657.8,1692.0,1678.6,1643.0,14.908,1643.0,1646.9,,0.0,3.0,0.0,6.0,217.0,24.0,-87.0,168.0,86.0,0.0,1008.0,331.0,3471.0,0.0,,3969.0,185.0,,0.0,0.0,,,,,,0.0,2.51,2.51,0.6,0.6,2.56,0.61,0.61,2.56,0.0,0.0,0.0,0.0,,-57.0,,,,,,,,,,,,,,,,,,,,,,,,139.0,,,,,,,,,,,,,,4240.0,1008.0,1008.0,1008.0,1008.0,15878.0,,283.0,422.0,,,,5055.0,,,,,2371.0,3011.0,5474.0,5378.0,0.0,254.0,1907.0,1907.0,0.0,23259.0,10852.0,10852.0,0.0,0.0,0.0,0.0,0.0,0.0,,,,1008.0,38.0,,325.0,,,,14700.0,2.51,2.56,0.6,1158.0,1343.0,0.61,1.1,9.38,6.0,1.3,17.4,1168.0,,,,,,,,,,,,,,,,,,,,,,,,,,,,,0.0,7958.0,3989.0,,,,,,,,,,,,55.0,0.3,0.0,0.0,0.0,,,,,0.0,0.0,0.0,0.0,19.0,-191.0,0.0,3677.0,3677.0,,3766.0,,3979.0,8677.0,,,,,,,,,,,8677.0,0.0,12407.0,,,,,,,,,,,,,,,,,,,,,,,,0.0,,53.0,,12407.0,5925.0,0.0,254.0,,,0.0,0.0,,0.0,0.0,,-273.0,,84.0,160.0,0.0,,,,,,,,,,,,,,,,,,,,,,,,,,,,,,10587.0,,,,,2543.0,0.0,28.0,0.0,7334.0,,,,,,,,,,,,,2665.0,0.0,,,,-484.0,,,0.0,,,,,,,1105.0,,670.0,4240.0,16.0,-515.0,0.0,-32.0,0.0,0.0,3709.0,3709.0,18332.0,1692.0,1657.8,0.0,,153.0,0.0,4240.0,327.0,1482.0,61.0,0.0,706.0,,706.0,,,,,0.0,1133.0,2.51,2.51,2.56,2.56,0.0,,-20.0,-59.0,,0.0,-1942.0,,,,108.0,108.0,,,,,,,,,,,,,,,,,,,,,4240.0,4240.0,4240.0,4240.0,4240.0,98.0,-231.0,,-34.0,0.0,-1008.0,118.0,0.0,,,,4240.0,223.0,,,,3640.0,2.51,4749.0,5455.0,2.56,1.1,9.38,6.0,1.3,17.4,,4886.0,,,,,,,,,,,,,,,,,,,,,,,,,,,,,,,3223.0,,,,,,0.0,0.0,0.0,0.0,-426.0,34350.0,,,,,34350.0,,,,,,0.0,,,,,,,,,,,0.0,13.0,0.0,,,489.0,215.0,,,0.0,,,,,177.0,0.0,-273.0,-273.0,703.0,646.0,0.0,,,,,,,,,,,,,,,,,,,,,,,,,0.0,0.0,86.0,0.0,28895.0,,,,,,,,10563.0,A,610044759.0,0.18,0.18,87062.57,52.99,59.0,50.81,1.0
7906,20170831,2017,1,5,INDL,C,D,STD,NKE,654106103,NIKE INC  -CL B,,DS,,1.0,1.0,,,USD,USD,1.0,,2017Q3,2017Q1,Y,,Q,7.0,5,,3,20170831.0,20171009.0,20170926.0,20170926.0,0.0,-586.0,1591.0,16192.0,2947.0,7455.0,0.0,-332.0,-85.0,0.0,0.0,3883.0,3369.0,2116.0,,,,1205.0,,,,,23647.0,10.0,,,,,,8817.0,,11993.0,5519.0,3413.0,950.0,22.0,-395.0,0.0,0.0,0.0,577.0,0.0,577.0,4929.0,1649.55,1683.75,1676.9,1637.0,15.257,1637.0,1639.1,,0.0,3.0,0.0,7.0,176.0,17.0,-193.0,528.0,188.0,0.0,950.0,342.0,3472.0,0.0,,,179.0,,0.0,0.0,,,,,,0.0,2.35,2.35,0.57,0.57,2.39,0.58,0.58,2.39,0.0,0.0,0.0,0.0,,-88.0,,,,,,,,,,,,,,,,,,,,,,,,139.0,,,,,,,,,,,,,,3941.0,950.0,950.0,950.0,950.0,15465.0,,283.0,422.0,,,,5211.0,,,,,2106.0,3501.0,6056.0,5598.0,0.0,716.0,2126.0,2126.0,0.0,23647.0,11654.0,11654.0,0.0,0.0,0.0,0.0,0.0,0.0,,,,950.0,-7.0,,335.0,,,,,2.35,2.39,0.57,1106.0,1285.0,0.58,1.2,9.82,6.0,2.0,16.4,1072.0,,,,,,,,,,,,,,,,,,,,,,,,,,,,,0.0,,4086.0,,,,,,,,,,,,55.67,0.3,0.0,0.0,0.0,,,,,0.0,0.0,0.0,0.0,,-169.0,0.0,3871.0,3871.0,,3173.0,,3759.0,9070.0,,,,,,,,,,,9070.0,0.0,11993.0,,,,,,,,,,,,,,,,,,,,,,,,,,50.0,,11993.0,5098.0,0.0,716.0,,,0.0,0.0,,0.0,0.0,,,,97.0,122.0,0.0,,,,,,,,,,,,,,,,,,,,,,,,,,,,,,10136.0,,,,,2678.0,0.0,27.0,0.0,7785.0,,,,,,,,,,,,,2856.0,0.0,,,,-335.0,,,0.0,,,,,,,270.0,,-395.0,950.0,22.0,-395.0,0.0,0.0,0.0,0.0,577.0,577.0,4929.0,1676.9,1639.1,0.0,,-193.0,0.0,950.0,9.0,0.0,7.0,0.0,179.0,,179.0,,,,,0.0,300.0,0.57,0.57,0.58,0.58,0.0,,40.0,-88.0,,0.0,-998.0,,,,37.0,37.0,,,,,,,,,,,,,,,,,,,,,950.0,950.0,950.0,950.0,950.0,,-96.0,,0.0,0.0,-12.0,258.0,0.0,,,,950.0,-7.0,,,,575.0,0.57,1106.0,1285.0,0.58,1.2,9.82,6.0,2.0,16.4,,1072.0,,,,,,,,,,,,,,,,,,,,,,,,,,,,,,,858.0,,,,,,0.0,0.0,0.0,0.0,-101.0,9070.0,,,,,9070.0,,,,,,0.0,,,,,,,,,,,,0.0,0.0,,,158.0,50.0,,,0.0,,,,,0.0,0.0,-59.0,,,122.0,0.0,,,,,,,,,,,,,,,,,,,,,,,,,0.0,0.0,27.0,0.0,7785.0,,,,,,,,2856.0,A,605009151.0,0.18,0.36,86449.97,52.81,60.53,50.79,1.0
7906,20171130,2017,2,5,INDL,C,D,STD,NKE,654106103,NIKE INC  -CL B,,DS,,1.0,1.0,,,USD,USD,1.0,,2017Q4,2017Q2,Y,,Q,7.0,5,,3,20171130.0,20180105.0,20171221.0,20171221.0,0.0,-587.0,1254.0,16582.0,2935.0,7473.0,0.0,-324.0,-86.0,0.0,0.0,4826.0,3356.0,2141.0,,,,1235.0,,,,,24055.0,10.0,,,,,,9041.0,,11758.0,6389.0,4304.0,767.0,-8.0,8.0,0.0,-1.0,0.0,766.0,0.0,766.0,4689.0,1641.55,1675.775,1660.9,1624.0,16.745,1624.0,1627.0,,0.0,3.0,0.0,10.0,145.0,12.0,2.0,449.0,125.0,0.0,767.0,1239.0,3472.0,0.0,,,187.0,,0.0,0.0,,,,,,0.0,2.31,2.31,0.46,0.46,2.35,0.47,0.47,2.35,0.0,0.0,0.0,0.0,,-24.0,,,,,,,,,,,,,,,,,,,,,,,,139.0,,,,,,,,,,,,,,3866.0,767.0,767.0,767.0,767.0,15230.0,,282.0,421.0,,,,5326.0,,,,,2085.0,3278.0,6750.0,5547.0,0.0,574.0,2075.0,2075.0,0.0,24055.0,12297.0,12297.0,0.0,0.0,0.0,0.0,0.0,0.0,,,,767.0,-5.0,,1229.0,,,,,2.31,2.35,0.46,910.0,1097.0,0.47,1.2,9.82,6.0,2.0,16.4,879.0,,,,,,,,,,,,,,,,,,,,,,,,,,,,,0.0,,4117.0,,,,,,,,,,,,53.87,0.3,0.0,0.0,0.0,,,,,0.0,0.0,0.0,0.0,,-177.0,0.0,3613.0,3613.0,,2714.0,,3301.0,8554.0,,,,,,,,,,,8554.0,0.0,11758.0,,,,,,,,,,,,,,,,,,,,,,,,,,53.0,,11758.0,6071.0,0.0,574.0,,,0.0,0.0,,0.0,0.0,,,,92.0,112.0,0.0,,,,,,,,,,,,,,,,,,,,,,,,,,,,,,9832.0,,,,,2504.0,0.0,26.0,0.0,7457.0,,,,,,,,,,,,,2768.0,0.0,,,,-48.0,,,0.0,,,,,,,498.0,,496.0,1717.0,14.0,-387.0,0.0,-1.0,0.0,0.0,1343.0,1343.0,9618.0,1669.1,1633.1,0.0,,-191.0,0.0,1717.0,904.0,0.0,14.0,0.0,366.0,,366.0,,,,,0.0,595.0,1.03,1.03,1.05,1.05,0.0,,38.0,-112.0,,0.0,-1214.0,,,,46.0,46.0,,,,,,,,,,,,,,,,,,,,,1717.0,1717.0,1717.0,1717.0,1717.0,,-243.0,,0.0,0.0,-226.0,271.0,0.0,,,,1717.0,-12.0,,,,1898.0,1.03,2016.0,2382.0,1.05,1.2,9.82,6.0,2.0,16.4,,1951.0,,,,,,,,,,,,,,,,,,,,,,,,,,,,,,,1829.0,,,,,,0.0,0.0,0.0,0.0,143.0,17624.0,,,,,17624.0,,,,,,0.0,,,,,,,,,,,,1.0,0.0,,,320.0,103.0,,,0.0,,,,,0.0,0.0,-83.0,,,234.0,0.0,,,,,,,,,,,,,,,,,,,,,,,,,0.0,0.0,53.0,0.0,15242.0,,,,,,,,5624.0,A,640578507.0,0.18,0.0,98122.08,60.42,61.21,50.35,1.0
7906,20180228,2017,3,5,INDL,C,D,STD,NKE,654106103,NIKE INC  -CL B,,DS,,1.0,1.0,,,USD,USD,1.0,,2018Q1,2017Q3,Y,,Q,7.0,5,,3,20180228.0,20180406.0,20180322.0,20180322.0,0.0,-624.0,1446.0,15355.0,2478.0,7197.0,0.0,-438.0,-84.0,0.0,0.0,3362.0,2899.0,1961.0,,,,865.0,,,,,22552.0,11.0,,,,,,9325.0,,9782.0,4751.0,3662.0,-921.0,51.0,-107.0,0.0,2.0,0.0,-975.0,0.0,-975.0,4861.0,1634.15,1668.925,1623.5,1619.0,14.603,1619.0,1623.5,,0.0,3.0,0.0,6.0,67.0,29.0,-115.0,539.0,117.0,0.0,-921.0,17.0,3469.0,0.0,,,185.0,,0.0,0.0,,,,,,0.0,1.08,1.08,-0.57,-0.57,1.1,-0.57,-0.57,1.1,0.0,0.0,0.0,0.0,,-18.0,,,,,,,,,,,,,,,,,,,,,,,,139.0,,,,,,,,,,,,,,1804.0,-921.0,-921.0,-921.0,-921.0,13251.0,,282.0,421.0,,,,5366.0,,,,,1089.0,3727.0,5783.0,6987.0,0.0,656.0,3518.0,3518.0,0.0,22552.0,12770.0,12770.0,0.0,0.0,0.0,0.0,0.0,0.0,,,,-921.0,13.0,,11.0,-1.25,-1.25,-2030.0,,2.3,2.34,0.68,1171.0,1356.0,0.68,1.2,9.82,6.0,2.0,16.4,1159.0,,,,,,,,,,,,,,,,,,,,,,,,,,,,,0.0,,4298.0,,,,,,,,,,,,65.87,0.3,0.0,0.0,0.0,,,,,0.0,0.0,0.0,0.0,,-102.0,0.0,3792.0,3792.0,,454.0,,1078.0,8984.0,,,,,,,,,,,8984.0,0.0,9782.0,,,,,,,,,,,,,,,,,,,,,,,,,,55.0,,9782.0,4238.0,0.0,656.0,,,0.0,0.0,,0.0,0.0,,,,78.0,2080.0,0.0,,,,,,,,,,,,,,,,,,,,,,,,,,,,,,9572.0,,,,,2864.0,0.0,25.0,0.0,7628.0,,,,,,,,,,,,,2767.0,0.0,,,,965.0,,,0.0,,,,,,,728.0,,-146.0,796.0,65.0,-494.0,0.0,1.0,0.0,0.0,368.0,368.0,14479.0,1665.7,1629.9,0.0,,-306.0,0.0,796.0,-314.0,0.0,20.0,0.0,551.0,,551.0,,,,,0.0,920.0,0.48,0.48,0.49,0.49,0.0,,91.0,-130.0,,0.0,-3448.0,,,,51.0,51.0,,,,,,,,,,,,,,,,,,,,,796.0,796.0,796.0,796.0,796.0,,-245.0,,0.0,0.0,526.0,1254.0,0.0,,,,796.0,1.0,-1.22,-1.25,-2030.0,2685.0,1.7,3187.0,3738.0,1.73,1.2,9.82,6.0,2.0,16.4,,3110.0,,,,,,,,,,,,,,,,,,,,,,,,,,,,,,,2748.0,,,,,,0.0,0.0,0.0,0.0,3.0,26608.0,,,,,26608.0,,,,,,0.0,,,,,,,,,,,,0.0,0.0,,,554.0,158.0,,,0.0,,,,,0.0,0.0,564.0,,,2314.0,0.0,,,,,,,,,,,,,,,,,,,,,,,,,0.0,0.0,78.0,0.0,22870.0,,,,,,,,8391.0,A,512769218.0,0.2,0.2,108521.57,67.03,70.25,59.24,1.0
7906,20180531,2017,4,5,INDL,C,D,STD,NKE,654106103,NIKE INC  -CL B,,DS,,1.0,1.0,,,USD,USD,1.0,,2018Q2,2017Q4,Y,,Q,7.0,5,,3,20180531.0,20180728.0,20180628.0,20180628.0,0.0,-92.0,1130.0,15134.0,2509.0,7402.0,0.0,132.0,-51.0,0.0,0.0,4052.0,2948.0,2279.0,,,,1178.0,,,,,22536.0,11.0,,,,,,6384.0,,9812.0,5245.0,4249.0,1137.0,-71.0,570.0,0.0,33.0,0.0,1669.0,0.0,1669.0,5215.0,1623.8,1659.1,1641.2,1601.0,23.1,1601.0,1605.7,,0.0,3.0,0.0,6.0,240.0,160.0,176.0,184.0,6.0,0.0,1137.0,342.0,3468.0,0.0,,4437.0,196.0,,0.0,0.0,,,,,,0.0,1.17,1.17,0.69,0.69,1.19,0.71,0.71,1.19,0.0,0.0,0.0,0.0,,20.0,,,,,,,,,,,,,,,,,,,,,,,,154.0,,,,,,,,,,,,,,1933.0,1137.0,1137.0,1137.0,1137.0,13280.0,,285.0,439.0,,,,5261.0,,,,,996.0,3269.0,6040.0,6684.0,0.0,190.0,3216.0,3216.0,0.0,22536.0,12724.0,12724.0,0.0,0.0,0.0,0.0,0.0,0.0,,,,1137.0,3.0,,336.0,0.0,0.0,-3.0,,2.39,2.44,0.69,1258.0,1454.0,0.71,1.2,9.82,6.0,2.0,16.4,1215.0,,,,,,,,,,,,,,,,,,,,,,,,,,,,,0.0,8891.0,4454.0,,,,,,,,,,,,69.26,0.3,0.0,0.0,0.0,,,,,0.0,0.0,0.0,0.0,30.0,-173.0,0.0,3498.0,3498.0,,3425.0,,3517.0,9789.0,,,,,,,,,,,9789.0,0.0,9812.0,,,,,,,,,,,,,,,,,,,,,,,,,,60.0,,9812.0,5241.0,0.0,190.0,,,0.0,0.0,,0.0,0.0,,647.0,,150.0,78.0,0.0,,,,,,,,,,,,,,,,,,,,,,,,,,,,,,9094.0,,,,,2742.0,0.0,46.0,0.0,8335.0,,,,,,,,,,,,,3120.0,0.0,,,,1550.0,,,0.0,,,,,,,1028.0,,441.0,1933.0,-6.0,76.0,0.0,34.0,0.0,0.0,2037.0,2037.0,19694.0,1659.1,1623.8,0.0,,-130.0,0.0,1933.0,13.0,0.0,29.0,0.0,747.0,,747.0,,,,,0.0,1243.0,1.17,1.17,1.19,1.19,0.0,,45.0,-110.0,,0.0,-4835.0,,,,146.0,146.0,,,,,,,,,,,,,,,,,,,,,1933.0,1933.0,1933.0,1933.0,1933.0,125.0,-255.0,,-25.0,0.0,276.0,1326.0,0.0,,,,1933.0,4.0,-1.23,-1.25,-2033.0,4955.0,2.39,4445.0,5192.0,2.44,1.2,9.82,6.0,2.0,16.4,,4325.0,,,,,,,,,,,,,,,,,,,,,,,,,,,,,,,4309.0,,,,,,0.0,0.0,0.0,0.0,187.0,36397.0,,,,,36397.0,,,,,,0.0,,,,,,,,,,,,3.0,0.0,,,733.0,218.0,,,0.0,,,,,0.0,0.0,647.0,647.0,529.0,2392.0,0.0,,,,,,,,,,,,,,,,,,,,,,,,,0.0,0.0,124.0,0.0,31205.0,,,,,,,,11511.0,A,459732813.0,0.2,0.2,114951.8,71.8,73.49,63.21,1.0
7906,20180831,2018,1,5,INDL,C,D,STD,NKE,654106103,NIKE INC  -CL B,ASU14-09,DS,,1.0,1.0,,,USD,USD,1.0,,2018Q3,2018Q1,Y,,Q,7.0,5,,3,20180831.0,20181008.0,20180925.0,20180925.0,0.0,-30.0,1675.0,15501.0,2057.0,6982.0,0.0,325.0,-54.0,0.0,0.0,3467.0,2495.0,2333.0,,,,851.0,,,,,22483.0,11.0,,,,,,6525.0,,8992.0,4269.0,3282.0,1092.0,-128.0,193.0,0.0,-3.0,0.0,1154.0,0.0,1154.0,5373.0,1612.55,1640.0,1634.4,1589.0,17.783,1589.0,1594.0,,0.0,3.0,0.0,6.0,350.0,135.0,103.0,102.0,9.0,0.0,1092.0,19.0,3467.0,0.0,,,178.0,,0.0,0.0,,,,,,0.0,1.25,1.25,0.67,0.67,1.3,0.69,0.69,1.3,0.0,0.0,0.0,0.0,,-9.0,,,,,,,,,,,,,,,,,,,,,,,,154.0,,,,,,,,,,,,,,2075.0,1092.0,1092.0,1092.0,1092.0,12459.0,,284.0,438.0,,,,5227.0,,,,,987.0,4174.0,6708.0,6783.0,0.0,111.0,3316.0,3316.0,0.0,22483.0,13491.0,13491.0,0.0,0.0,0.0,0.0,0.0,0.0,,,,1092.0,-33.0,,13.0,,,,,2.5,2.55,0.67,1334.0,1512.0,0.69,1.0,17.44,6.0,2.9,19.7,1270.0,,,,,,,,,,,,,,,,,,,,,,,,,,,,,0.0,,4487.0,,,,,,,,,,,,77.64,0.3,0.0,0.0,0.0,,,,,0.0,0.0,0.0,0.0,,-301.0,0.0,4330.0,4330.0,,2464.0,,2494.0,9948.0,,,,,,,,,,,9948.0,0.0,8992.0,,,,,,,,,,,,,,,,,,,,,,,,0.0,,41.0,,8992.0,4329.0,0.0,111.0,,,0.0,0.0,,0.0,0.0,,,,182.0,178.0,0.0,,,,,,,,,,,,,,,,,,,,,,,,,,,,,,8793.0,,,,,2675.0,0.0,31.0,0.0,8436.0,,,,,,,,,,,,,3063.0,0.0,,,,122.0,,,0.0,,,,,,,343.0,,-967.0,1092.0,-128.0,193.0,0.0,-3.0,0.0,0.0,1154.0,1154.0,5373.0,1634.4,1594.0,0.0,,103.0,0.0,1092.0,-321.0,0.0,7.0,0.0,178.0,,178.0,,,,,0.0,320.0,0.67,0.67,0.69,0.69,0.0,,-103.0,-9.0,,0.0,-1832.0,,,,210.0,210.0,,,,,,,,,,,,,,,,,,,,,1092.0,1092.0,1092.0,1092.0,1092.0,,-25.0,,0.0,0.0,-333.0,6.0,0.0,,,,1092.0,-33.0,,,,1301.0,0.67,1334.0,1512.0,0.69,1.0,17.44,6.0,2.9,19.7,,1270.0,,,,,,,,,,,,,,,,,,,,,,,,,,,,,,,1371.0,,,,,,0.0,0.0,0.0,0.0,-294.0,9948.0,,,,,9948.0,,,,,,0.0,,,,,,,,,,,0.0,4.0,0.0,,,187.0,41.0,,,0.0,,,,,0.0,0.0,18.0,,,178.0,0.0,,,,,,,,,,,,,,,,,,,,,,,,,0.0,0.0,31.0,0.0,8436.0,,,,,,,,3063.0,A,400080252.0,0.2,0.4,130615.8,82.2,83.68,71.15,1.0
7906,20181130,2018,2,5,INDL,C,D,STD,NKE,654106103,NIKE INC  -CL B,,DS,,1.0,1.0,,,USD,USD,1.0,,2018Q4,2018Q2,Y,,Q,7.0,5,,3,20181130.0,20190109.0,20181220.0,20181220.0,0.0,209.0,1791.0,15566.0,2085.0,7111.0,0.0,566.0,-54.0,0.0,0.0,3857.0,2523.0,2574.0,,,,359.0,,,,,22677.0,11.0,,,,,,6707.0,,8729.0,4041.0,3423.0,847.0,-2.0,241.0,0.0,0.0,0.0,1086.0,0.0,1086.0,5098.0,1601.15,1629.775,1620.7,1577.0,16.108,1577.0,1581.4,,0.0,3.0,0.0,6.0,500.0,156.0,80.0,53.0,5.0,0.0,847.0,15.0,3466.0,0.0,,,171.0,,0.0,0.0,,,,,,0.0,1.31,1.31,0.52,0.52,1.36,0.54,0.54,1.36,0.0,0.0,0.0,0.0,,-6.0,,,,,,,,,,,,,,,,,,,,,,,,154.0,,,,,,,,,,,,,,2155.0,847.0,847.0,847.0,847.0,12195.0,,284.0,438.0,,,,5388.0,,,,,618.0,4478.0,7278.0,6670.0,0.0,58.0,3204.0,3204.0,0.0,22677.0,13948.0,13948.0,0.0,0.0,0.0,0.0,0.0,0.0,,,,847.0,68.0,,9.0,,,,,2.56,2.61,0.52,963.0,1134.0,0.54,1.0,22.81,6.0,2.8,26.6,997.0,,,,,,,,,,,,,,,,,,,,,,,,,,,,,0.0,,4588.0,,,,,,,,,,,,77.66,0.3,0.0,0.0,0.0,,,,,0.0,0.0,0.0,0.0,,-303.0,0.0,4346.0,4346.0,,2019.0,,1810.0,9374.0,,,,,,,,,,,9374.0,0.0,8729.0,,,,,,,,,,,,,,,,,,,,,,,,0.0,,92.0,,8729.0,4227.0,0.0,58.0,,,0.0,0.0,,0.0,0.0,,,,211.0,150.0,0.0,,,,,,,,,,,,,,,,,,,,,,,,,,,,,,8288.0,,,,,2712.0,0.0,34.0,0.0,8240.0,,,,,,,,,,,,,3142.0,0.0,,,,760.0,,,0.0,,,,,,,630.0,,-826.0,1939.0,-130.0,434.0,0.0,-3.0,0.0,0.0,2240.0,2240.0,10471.0,1627.2,1587.7,0.0,,183.0,0.0,1939.0,-327.0,0.0,17.0,0.0,349.0,,349.0,,,,,0.0,638.0,1.19,1.19,1.22,1.22,0.0,,-116.0,-15.0,,0.0,-3290.0,,,,353.0,353.0,,,,,,,,,,,,,,,,,,,,,1939.0,1939.0,1939.0,1939.0,1939.0,,-263.0,,0.0,0.0,-245.0,381.0,0.0,,,,1939.0,35.0,,,,2825.0,1.19,2297.0,2646.0,1.22,1.0,22.81,6.0,2.8,26.6,,2267.0,,,,,,,,,,,,,,,,,,,,,,,,,,,,,,,2648.0,,,,,,0.0,0.0,0.0,0.0,-324.0,19322.0,,,,,19322.0,,,,,,0.0,,,,,,,,,,,0.0,4.0,0.0,,,340.0,133.0,,,0.0,,,,,0.0,0.0,11.0,,,328.0,0.0,,,,,,,,,,,,,,,,,,,,,,,,,0.0,0.0,65.0,0.0,16676.0,,,,,,,,6205.0,A,491124764.0,0.2,0.22,118464.24,75.12,86.04,69.52,1.0
7906,20190228,2018,3,5,INDL,C,D,STD,NKE,654106103,NIKE INC  -CL B,,DS,,1.0,1.0,,,USD,USD,1.0,,2019Q1,2018Q3,Y,,Q,7.0,5,,3,20190228.0,20190405.0,20190321.0,20190321.0,0.0,197.0,1786.0,15796.0,2000.0,7125.0,0.0,475.0,-54.0,0.0,0.0,3577.0,2437.0,2307.0,,,,417.0,,,,,22921.0,0.0,,,,,,6910.0,,8961.0,4046.0,3695.0,1101.0,79.0,-91.0,0.0,0.0,0.0,1089.0,0.0,1089.0,5094.0,1588.525,1626.425,1609.6,1573.0,9.823,1573.0,1572.8,,0.0,3.0,0.0,6.0,415.0,73.0,-43.0,87.0,2.0,0.0,1101.0,22.0,3465.0,0.0,,,178.0,,0.0,0.0,,,,,,0.0,2.56,2.56,0.68,0.68,2.63,0.7,0.7,2.63,0.0,0.0,0.0,0.0,,-33.0,,,,,,,,,,,,,,,,,,,,,,,,154.0,,,,,,,,,,,,,,4177.0,1101.0,1101.0,1101.0,1101.0,12426.0,,283.0,437.0,,,,5415.0,,,,,351.0,4738.0,7281.0,6679.0,0.0,89.0,3214.0,3214.0,0.0,22921.0,13960.0,13960.0,0.0,0.0,0.0,0.0,0.0,0.0,,,,1101.0,75.0,,16.0,,,,,2.56,2.63,0.68,1248.0,1426.0,0.7,1.0,22.79,6.0,2.8,26.6,1291.0,,,,,,,,,,,,,,,,,,,,,,,,,,,,,0.0,,4688.0,,,,,,,,,,,,76.72,0.3,0.0,0.0,0.0,,,,,0.0,0.0,0.0,0.0,,-224.0,0.0,4549.0,4549.0,,2048.0,,1851.0,9611.0,,,,,,,,,,,9611.0,0.0,8961.0,,,,,,,,,,,,,,,,,,,,,,,,0.0,,93.0,,8961.0,3994.0,0.0,89.0,,,0.0,0.0,,0.0,0.0,,,,214.0,190.0,0.0,,,,,,,,,,,,,,,,,,,,,,,,,,,,,,8515.0,,,,,2924.0,0.0,32.0,0.0,8185.0,,,,,,,,,,,,,3091.0,0.0,,,,492.0,,,0.0,,,,,,,846.0,,-554.0,3040.0,-51.0,343.0,0.0,-3.0,0.0,0.0,3329.0,3329.0,15565.0,1621.5,1582.8,0.0,,140.0,0.0,3040.0,-320.0,0.0,26.0,0.0,527.0,,527.0,,,,,0.0,986.0,1.87,1.87,1.92,1.92,0.0,,-59.0,-48.0,,0.0,-4267.0,,,,453.0,453.0,,,,,,,,,,,,,,,,,,,,,3040.0,3040.0,3040.0,3040.0,3040.0,,-226.0,,0.0,0.0,-121.0,720.0,0.0,,,,3040.0,110.0,,,,3893.0,1.87,3545.0,4072.0,1.92,1.0,22.79,6.0,2.8,26.6,,3558.0,,,,,,,,,,,,,,,,,,,,,,,,,,,,,,,3422.0,,,,,,0.0,0.0,0.0,0.0,-460.0,28933.0,,,,,28933.0,,,,,,0.0,,,,,,,,,,,0.0,5.0,0.0,,,487.0,226.0,,,0.0,,,,,0.0,0.0,67.0,,,518.0,0.0,,,,,,,,,,,,,,,,,,,,,,,,,0.0,0.0,97.0,0.0,24861.0,,,,,,,,9296.0,A,429373187.0,0.22,0.0,134853.29,85.73,86.4,66.53,1.0
7906,20190531,2018,4,5,INDL,C,D,STD,NKE,654106103,NIKE INC  -CL B,,DS,,1.0,1.0,,,USD,USD,1.0,,2019Q2,2018Q4,Y,,Q,7.0,5,,3,20190531.0,20190724.0,20190627.0,20190627.0,0.0,231.0,1968.0,16525.0,2011.0,7192.0,0.0,635.0,-58.0,0.0,0.0,4085.0,2448.0,2612.0,,,,347.0,,,,,23717.0,0.0,,,,,,7163.0,,9040.0,4663.0,4466.0,989.0,-122.0,160.0,0.0,-4.0,0.0,1023.0,0.0,1023.0,5373.0,1579.7,1618.4,1607.5,1568.0,10.59,1568.0,1570.2,,0.0,3.0,0.0,6.0,616.0,6.0,68.0,52.0,2.0,0.0,989.0,15.0,3464.0,0.0,,4725.0,178.0,,0.0,0.0,,,,,,0.0,2.49,2.49,0.62,0.62,2.55,0.63,0.63,2.55,0.0,0.0,0.0,0.0,,-49.0,,,,,,,,,,,,,,,,,,,,,,,,154.0,,,,,,,,,,,,,,4029.0,989.0,989.0,989.0,989.0,12504.0,,283.0,437.0,,,,5622.0,,,,,197.0,5010.0,7866.0,6811.0,0.0,54.0,3347.0,3347.0,0.0,23717.0,14677.0,14677.0,0.0,0.0,0.0,0.0,0.0,0.0,,,,989.0,50.0,,9.0,,,,,2.49,2.55,0.62,1227.0,1405.0,0.63,1.0,22.78,6.0,2.8,26.6,1243.0,,,,,,,,,,,,,,,,,,,,,,,,,,,,,0.0,9469.0,4744.0,,,,,,,,,,,,84.69,0.3,0.0,0.0,0.0,,,,,0.0,0.0,0.0,0.0,30.0,-346.0,0.0,4272.0,4272.0,,1874.0,,1643.0,10184.0,,,,,,,,,,,10184.0,0.0,9040.0,,,,,,,,,,,,,,,,,,,,,,,,0.0,,99.0,150.0,9040.0,4432.0,0.0,54.0,,,0.0,0.0,,0.0,0.0,,34.0,,229.0,254.0,0.0,,,,,,,,,,,,,,,,,,,,,,,,,,,,,,8659.0,,,,,3105.0,0.0,34.0,0.0,8779.0,,,,,,,,,,,,,3406.0,0.0,,,,1322.0,,,0.0,,,,,,,1119.0,,217.0,4029.0,-173.0,503.0,0.0,-7.0,0.0,0.0,4352.0,4352.0,20938.0,1618.4,1579.7,0.0,,208.0,0.0,4029.0,-325.0,0.0,33.0,0.0,705.0,,705.0,,,,,0.0,1332.0,2.49,2.49,2.55,2.55,0.0,,-129.0,-97.0,,0.0,-5293.0,,,,573.0,573.0,,,,,,,,,,,,,,,,,,,,,4029.0,4029.0,4029.0,4029.0,4029.0,153.0,-490.0,,0.0,0.0,-264.0,850.0,0.0,,,,4029.0,160.0,,,,5903.0,2.49,4772.0,5477.0,2.55,1.0,22.78,6.0,2.8,26.6,,4801.0,,,,,,,,,,,,,,,,,,,,,,,,,,,,,,,4303.0,,,,,,0.0,0.0,0.0,0.0,-270.0,39117.0,,,,,39117.0,,,,,,0.0,,,,,,,,,,,0.0,5.0,0.0,,,700.0,325.0,150.0,,0.0,,,,,0.0,0.0,34.0,34.0,757.0,772.0,0.0,,,,,,,,,,,,,,,,,,,,,,,,,0.0,0.0,131.0,0.0,33640.0,,,,,,,,12702.0,A,432094613.0,0.22,0.44,120955.52,77.14,90.0,77.07,1.0
7906,20190831,2019,1,5,INDL,C,D,STD,NKE,654106103,NIKE INC  -CL B,ASU16-02,DS,,1.0,1.0,,,USD,USD,1.0,,2019Q3,2019Q1,,,Q,,21,,2,20190831.0,,20190924.0,20190924.0,0.0,,2093.0,16228.0,2071.0,10021.0,,,,,,,2574.0,2716.0,,,,,,,,,26249.0,,,,,,,,,9200.0,3644.0,3446.0,,,,,,,,,,5789.0,1571.7,1608.825,1597.5,,11.9,1568.0,1562.4,,0.0,,0.0,433.0,,,,,,0.0,1367.0,683.0,6138.0,0.0,,,,,0.0,0.0,,,,,,0.0,2.68,2.68,0.86,0.86,2.74,0.87,0.87,2.74,,0.0,0.0,0.0,,,,,,,,,,,,,,,,,,,,,,,,,,224.0,,,,,,,,,,,,,,4304.0,1367.0,1367.0,1367.0,1367.0,15338.0,,279.0,503.0,,,,5835.0,,,,,198.0,4455.0,8070.0,8979.0,,,2841.0,2841.0,,26249.0,17049.0,17049.0,,0.0,0.0,0.0,0.0,,,,,1367.0,,,250.0,,,,,2.68,2.74,0.86,1543.0,,0.87,,,,,,1561.0,,,,,,,,,,,,,,,,,,,,,,,,,,,,,,,7447.0,,,,,,,,,,,,83.61,,0.0,0.0,0.0,,,,,0.0,0.0,0.0,0.0,,,0.0,4656.0,4656.0,,,,,10660.0,,,,,,,,,,,10660.0,0.0,9200.0,,,,,,,,,,,,,,,,,,,,,,,,0.0,,,,9200.0,,,,,,,0.0,,,,,,,216.0,194.0,0.0,,,,,,,,,,,,,,,,,,,,,,,,,,,,,,8158.0,,,,,,0.0,,0.0,9117.0,,,,,,,,,,,,,3328.0,0.0,,,,,,,,,,,,,,,,,,,,,,,,,,5789.0,1597.5,1562.4,0.0,,,0.0,1367.0,,,,0.0,,,,,,,,0.0,,0.86,0.86,0.87,0.87,,,,,,,,,,,,,,,,,,,,,,,,,,,,,,,,,1367.0,1367.0,,1367.0,1367.0,,,,,,,,0.0,,,,1367.0,,,,,,0.86,1543.0,,0.87,,,,,,,1561.0,,,,,,,,,,,,,,,,,,,,,,,,,,,,,,,,,,,,,0.0,0.0,0.0,0.0,,10660.0,,,,,10660.0,,,,,,,,,,,,,,,,,0.0,,,,,,,,,,,,,,,,,,,194.0,0.0,,,,,,,,,,,,,,,,,,,,,,,,,,0.0,,0.0,9117.0,,,,,,,,3328.0,A,388275220.0,0.22,0.22,132496.0,84.5,89.87,77.08,1.0
